,Postamat_daily,cashbox_daily,Postamat_trend,cashbox_MAX,cashbox_trend,hh_500,value1,value2,POPULATION,NEAR_Malls,NEAR_Business_centers,NEAR_metro_rjd,macro_salary_avg_yearly,Avg_check,dist_to_closest_shop,dist_to_closest_postomat,dist_to_competitor,dist_to_post,NEAR_stops
1,,2.2356303,,10.739911,,6369.0,10068,3236,324698,1,1,0.0,423321,3.111248454882571,0.4226250727165017,0.4510620462061144,0.28070624406619593,6730.138647244848,34.59871165435677
5,,1.9701424,,5.942884,,5023.0,10100,3484,482873,1,0,0.0,387679,2.8989667049368544,0.7768900686205035,1.3360254525680515,1.4874535706971284,6778.649907348734,0.03962224652134408
9,2.0,1.4542156,1.0,7.386463,,8732.0,10097,3197,482873,0,0,0.0,387679,3.158273381294964,0.18462308113063253,0.18462308113063253,0.7072006323296193,6776.655278133156,0.17461381812879373
12,,1.9505401,,8.938189,,6686.0,10094,3187,482873,1,0,0.0,387679,3.1672419203012234,0.26719654480468497,0.26719654480468497,0.5923629428180802,6776.553709979826,0.12738920026296374
14,6.0,1.8161802,0.0,5.9650335,,4112.0,10100,3475,482873,1,0,0.0,387679,2.906474820143885,0.6062927079656493,0.6062927079656493,1.0129319959086602,6773.78974808623,0.033798345950566244
16,,2.0261674,,9.140848,,7339.0,10085,3142,482873,0,0,0.0,387679,3.2097390197326545,0.3659600687855932,0.3659600687855932,2.2782692837765235,6776.786092902718,0.08993844635805827
17,,1.426086,,9.138457,,7552.0,10036,2945,324698,0,1,0.0,423321,3.4078098471986418,0.25475871760631696,0.25475871760631696,0.26064023638022,6731.120937841292,33.44118310931685
18,7.0,2.1934013,1.0,9.890436,,7054.0,10091,3043,482873,1,0,0.0,387679,3.3161353927045685,0.2738348031780975,0.6134345705985998,1.936238461680256,6776.526823629196,0.2125432275422694
19,,3.383396,,14.869606,,3773.0,10094,3114,324698,0,1,0.0,423321,3.241490044958253,0.4226250727165017,0.6782216340705864,0.20089361774290834,6729.938750241981,34.17976026622165
20,,1.4689496,,6.756466,,5082.0,10042,3003,482873,1,1,0.0,387679,3.343989343989344,0.5175632018613441,0.5716685841650836,1.0762229425065757,6770.292641364141,0.09971538115678716
21,,3.3911877,,11.597041,,4982.0,10087,3159,104739,0,1,0.0,423321,3.1930990819879708,0.28440929467659537,0.28440929467659537,0.21197479983015924,6799.541644686223,53.42233740416889
22,,2.469799,,12.653504,,7836.0,10054,3075,104739,0,0,0.0,423321,3.2695934959349597,0.37119268417968493,0.37119268417968493,0.38165281652583455,6800.489502287223,53.008203654266694
25,,1.6374272,,8.109043,,6469.0,10061,3010,482873,1,0,0.0,387679,3.3425249169435216,0.4720754888607208,0.7400648061777363,1.0744969807213065,6769.566473628468,0.13492445561904426
31,3.0,1.3198259,1.0,8.534354,,7395.0,10048,3015,482873,0,0,0.0,387679,3.332669983416252,0.6392056435512202,0.6392056435512202,0.5107216366931242,6772.821072825074,0.1377004946088698
33,,3.403877,,12.275376,,3971.0,10094,3096,482873,1,0,0.0,387679,3.2603359173126614,0.1901242456103061,0.3874147138472552,0.15939042667964626,6769.481800054777,0.2153127718348941
34,,3.2735887,,14.17897,,3148.0,10053,3083,324698,1,0,0.0,423321,3.2607849497242944,0.5260109465403303,0.6001469583738959,0.1943642478878733,6730.420584577441,34.173120968651894
36,2.0,1.7014896,0.0,5.3474355,,5212.0,10096,3185,58139,0,0,0.0,387679,3.169858712715856,0.2523516217091589,0.2523516217091589,2.0070662484208865,6753.599618532255,0.039046409957779735
38,5.0,2.6180675,0.0,10.121323,,5730.0,10062,3106,482873,0,0,0.0,387679,3.2395363811976816,0.25369227945637474,1.1767445355143544,0.19342240028779648,6769.43636405871,0.06091518929205176
40,2.0,1.5731132,0.0,7.471261,,6043.0,10070,2987,482873,0,0,0.0,387679,3.3712755272849013,0.4206887487339484,0.4206887487339484,1.7758298076523111,6775.681772015208,0.05240867921260007
41,2.0,1.7840708,1.0,9.698247,,8114.0,9977,2786,482873,0,1,0.0,387679,3.581119885139985,0.34429425348317194,0.34429425348317194,0.19989564397920995,6773.203593505096,0.1036778851091016
42,,1.791793,,7.5104947,,2022.0,10094,3139,11288,0,0,1.0,423321,3.2156737814590635,1.73459819961233,7.403637332955723,13.677808737266698,6715.7422216052255,32.80934620516245
43,,1.0386324,,4.9466596,,5223.0,9987,2939,482873,1,0,0.0,387679,3.3980945899965973,0.28439581681029313,0.3164256019480213,1.7572740734902197,6776.1998258968315,0.027425565330071944
44,2.0,1.2167134,0.0,6.1018963,,4632.0,10097,3202,58139,0,0,0.0,387679,3.1533416614615866,0.12251371896855692,0.7221547382869721,1.1512363460279933,6753.794724187256,0.2371535839362371
48,,1.1479297,,6.18623,,1748.0,10063,2968,324698,0,0,1.0,423321,3.3904986522911047,1.1638731876740245,1.1638731876740245,1.7353757247169297,6734.416388732979,40.026002392998635
53,2.0,1.7214934,0.0,6.8252163,,5903.0,10073,3092,58139,1,0,0.0,387679,3.2577619663648125,0.2523516217091589,0.2523516217091589,1.859616377876305,6753.806557729884,0.11409146305033553
54,3.0,1.5118023,1.0,8.116267,,3552.0,10092,3131,482873,0,0,0.0,387679,3.223251357393804,0.5074762605850626,1.2317478221245817,0.5850198316295621,6771.4949109839245,0.10120657277929468
56,2.0,2.664861,1.0,13.337346,,5137.0,10068,2996,482873,0,0,0.0,387679,3.3604806408544725,0.41247703226630056,0.41247703226630056,0.19521533023169585,6772.713333597968,0.21119810569995826
63,,3.2096934,,6.8254437,,1072.0,10036,3090,482873,1,0,0.0,387679,3.2478964401294497,0.4715498178094344,0.4715498178094344,0.22108597851117207,6774.2153954459545,0.0504802867542054
64,,1.5850625,,6.4587426,,4456.0,10039,2974,482873,1,0,0.0,387679,3.375588433086752,0.13367579230786047,0.7323847817437701,1.4578513395410548,6770.747404367853,0.032031808777728835
69,3.0,1.9920045,0.0,9.565132,,4573.0,10066,2983,324698,0,0,0.0,423321,3.3744552463962454,0.3637850833268157,0.3637850833268157,0.4222761123490345,6736.159534717031,41.37206739398903
70,3.0,0.9601897,1.0,5.203588,,5423.0,10050,2931,482873,0,0,0.0,387679,3.4288638689866935,0.5327576659986603,0.5327576659986603,1.6304100220564293,6775.229427550476,0.22036267397979373
72,3.0,0.74295455,1.0,3.627695,,9775.0,9959,2759,482873,0,0,0.0,387679,3.609641174338528,0.18462308113063253,0.18462308113063253,0.5611352289878461,6776.459444536238,0.05059044379395592
73,2.0,1.9133489,0.0,6.7211742,,5602.0,10052,2897,104739,1,0,0.0,423321,3.469796341042458,0.17984171847088362,0.17984171847088362,0.7486661037107472,6799.429663203899,54.36796636228569
75,,1.4602582,,7.8625326,,6036.0,9973,2829,482873,0,0,0.0,387679,3.525273948391658,0.5928144407302722,1.83943876923902,0.4564008725048862,6777.850874338482,0.13060212411197952
76,,1.7515137,,8.825078,,6122.0,9984,2767,482873,0,0,0.0,387679,3.608239971087821,0.6570523168200268,1.3889667774092829,0.4134108041037105,6777.634094185583,0.2649288762255092
82,,0.85339105,,2.4969184,,354.0,10100,3238,7117,0,0,0.0,387679,3.1192093885114267,14.071582148206035,14.071582148206035,31.02925377909061,6808.628516629926,0.3766178033666198
83,,1.1053083,,5.6505995,,2071.0,10099,3187,9171,0,0,0.0,387679,3.168810793850016,2.888916410236101,4.0627915055973975,5.256359417498834,6775.781030134362,0.1036003256421368
84,4.0,1.6525218,1.0,9.026359,,6226.0,9984,2701,482873,0,0,0.0,387679,3.6964087375046275,0.6343846002563132,0.6343846002563132,0.2737172136008858,6779.391824991226,0.3216276033783432
85,2.0,1.1958225,0.0,5.8436217,,6274.0,9971,2780,482873,0,0,0.0,387679,3.5866906474820146,0.34429425348317194,0.34429425348317194,0.3030359484539893,6773.060428142452,0.3715916756547885
87,2.0,2.8160384,0.0,14.531872,,3365.0,10088,3069,61732,0,0,0.0,387679,3.2870641902899966,0.3910947318929529,1.1722315686802365,0.12546226768403226,6774.760401133018,0.3705209035028633
88,,1.4343557,,7.3747725,,3938.0,10087,3091,58139,0,0,0.0,387679,3.263345195729537,0.453335031953207,1.013737553136196,0.5041553469076591,6754.005603079185,0.1441320772969183
89,,1.0825713,,6.959559,,4310.0,10031,2965,55282,1,0,0.0,387679,3.3831365935919058,0.5348382376354814,1.1663131252873002,0.5250661089651343,6784.899975614467,0.5174872611112248
90,,1.1786349,,6.9377956,,3611.0,10081,3110,64552,0,0,0.0,387679,3.2414790996784566,0.8055032449706996,1.1368181234416008,0.7733663166747664,6792.39743119482,0.5589168815187334
92,,1.4765699,,6.6655807,,4928.0,10001,2827,482873,0,0,0.0,387679,3.5376724442872303,0.5928144407302722,1.2856836466765478,0.2690537641159551,6778.303215075273,0.07846776948637499
93,2.0,1.4136512,0.0,9.300041,,6772.0,9943,2695,482873,0,0,0.0,387679,3.689424860853432,0.4347552467776806,0.5990500656653894,0.7284242141211982,6773.447509433025,0.5287320154949805
94,,1.034951,,4.200082,,6227.0,9933,2682,482873,1,0,0.0,387679,3.7035794183445185,0.2738348031780975,0.2738348031780975,2.0404151854832624,6776.279742619093,0.17138952306398633
96,,2.021962,,9.514993,,5063.0,9982,2728,104739,0,0,0.0,423321,3.6590909090909087,0.4697333029030056,0.4697333029030056,0.5764324071941799,6801.223143829972,52.268220476714795
98,,2.1603355,,10.871837,,1045.0,10099,3102,15224,1,0,0.0,387679,3.255641521598968,0.4430171450516657,30.35542243158525,36.133763379907656,6821.764229952341,0.13960530900072154
99,3.0,2.63883,0.0,11.627621,,2042.0,9931,2693,482873,1,0,1.0,387679,3.6877088748607503,0.4954256205885647,0.4954256205885647,0.1605810211140585,6772.725658114166,0.0739861228630402
104,,0.88759863,,5.538347,,1335.0,10069,2918,482873,0,0,0.0,387679,3.4506511309115835,1.8189355435690957,1.8189355435690957,5.375990667751927,6778.425820429203,0.1930956102443918
105,,0.65006334,,6.4113016,,2191.0,10051,2908,482873,0,0,0.0,387679,3.456327372764787,1.4567837624116766,1.4567837624116766,1.5500955785451749,6770.815783756011,0.4513906063988245
111,,2.0298502,,7.981029,,4286.0,9969,2764,482873,1,0,0.0,387679,3.6067293777134593,0.1901242456103061,0.25369227945637474,0.06742056105609802,6769.345507985338,0.1948255716524716
112,,1.4370332,,7.3375263,,3462.0,10005,2820,482873,0,0,0.0,387679,3.5478723404255317,2.8352003257481195,3.665176727661537,3.4663894813509697,6764.3594544343005,0.21458005082026171
113,2.0,1.3557897,0.0,8.847381,,3991.0,10071,3041,55282,0,0,0.0,387679,3.3117395593554755,0.7214615409908414,1.4746972430683225,1.4110820994608058,6786.800807687343,0.6088978429264927
115,,0.64237607,,4.476713,,2089.0,9992,2842,64552,0,0,1.0,387679,3.5158339197748063,0.5628424252240446,0.5628424252240446,0.26108255563613314,6793.250277509882,0.3879889601102287
117,2.0,1.0973861,1.0,8.194814,,3900.0,10009,2844,482873,0,0,0.0,387679,3.519338959212377,0.4954256205885647,0.4954256205885647,0.3570114213614819,6773.262015791199,0.10368393329225327
118,1.0,1.0411894,0.0,8.360813,,3648.0,10027,2842,482873,0,0,0.0,387679,3.5281491907107667,0.41247703226630056,0.41247703226630056,0.4066911279015747,6773.168537172342,0.13018935059745768
119,2.0,1.0281111,0.0,6.2422805,,3338.0,10043,2842,482873,0,0,0.0,387679,3.5337790288529205,0.5716685841650836,2.2836808563181945,1.5719232966045678,6769.936246422702,0.17670936370780815
121,4.0,1.1953425,0.0,6.0152993,,4081.0,9987,2799,482873,0,0,0.0,387679,3.568060021436227,0.6343846002563132,0.6343846002563132,0.4379278828706266,6778.749098182151,0.11221056619011707
127,,1.0758668,,5.760019,,3343.0,10036,2929,55282,0,0,0.0,387679,3.426425401160805,0.3946728931066079,1.2429177745782818,0.33776724849294604,6785.4895117370115,0.41793610145571386
128,,1.1398182,,6.284556,,3076.0,10031,2843,58139,1,0,0.0,387679,3.528315160042209,0.453335031953207,1.4513318738772598,0.5464687408331121,6753.941096406748,0.15489739901328065
129,,0.91130257,,6.1002703,,680.0,10020,2859,324698,0,0,0.0,423321,3.504721930745016,1.363436826842758,1.363436826842758,6.047708539425348,6724.048023861518,33.86643383731796
130,2.0,0.49971804,0.0,4.7255754,,2831.0,10017,2824,482873,0,0,0.0,387679,3.5470963172804533,0.4865006845474855,0.4865006845474855,0.6806212663717693,6772.693377096781,0.5816379103792952
136,,0.92257416,,5.8210163,,2487.0,9990,2811,482873,0,0,0.0,387679,3.5538954108858056,1.1835060151179269,1.4091440168842095,1.568114370916701,6771.364817187716,0.057586539254810123
137,,0.929906,,5.2867894,,1909.0,10035,2804,482873,0,0,0.0,387679,3.578815977175464,0.6623700385617445,5.615838701271181,5.3771033698824215,6764.844028946216,0.13936032493345812
140,1.0,0.7652802,0.0,6.6132407,,2639.0,10029,2912,131386,0,0,0.0,387679,3.4440247252747254,0.9855638089801576,0.9855638089801576,2.050446891374126,6795.613308090643,0.3731287575201671
142,,0.52838975,,4.9659348,,2239.0,10069,2993,58139,0,0,0.0,387679,3.3641830938857336,0.4941503169449496,2.48773451699598,1.1285734697571927,6752.829495862426,0.6758794636119511
144,,0.7338539,,3.1353223,,4226.0,9979,2865,58139,1,0,0.0,387679,3.4830715532286214,0.12251371896855692,0.12251371896855692,1.0311107007584297,6753.784265103514,0.11583710173222138
145,,1.015492,,4.7482343,,3394.0,9997,2900,61732,0,0,0.0,387679,3.447241379310345,0.3981056352353247,0.3981056352353247,2.124306175162721,6771.598860080362,0.18442178198088768
146,,0.8947481,,4.909026,,5468.0,10027,2877,25557,0,0,0.0,387679,3.4852276677094194,0.2956663257643893,0.2956663257643893,16.042996777886597,6768.636927510273,1.3725036401955713
149,4.0,1.033167,0.0,4.4765263,,5457.0,9938,2643,482873,0,0,0.0,387679,3.760121074536512,0.34135183460341084,0.4206887487339484,1.8829298400527559,6775.941889201242,0.1683289359601469
150,,1.6377873,,7.1065397,,1424.0,10099,2970,26337,0,0,0.0,423321,3.4003367003367004,0.6374064933644087,0.6374064933644087,7.708467717075451,6808.168088133463,55.800960627391504
151,,1.2844056,,6.0118113,,1379.0,10097,2962,8412,0,0,0.0,423321,3.4088453747467926,0.545600683367101,0.545600683367101,2.9385013434229816,6801.167677254574,48.3778140207736
155,,0.45197368,,2.5173638,,5046.0,9935,2760,61732,0,0,0.0,387679,3.5996376811594204,0.13815540595662087,0.13815540595662087,1.2648461757262288,6773.994855666615,0.10323740987131252
158,,2.0215464,,11.770871,,3546.0,10014,2846,40530,0,0,0.0,423321,3.518622628250176,3.3730737948905514,3.4452218526489187,139.09993143749213,6578.536543512103,66.9221825145614
162,,1.2154484,,5.4042015,,3514.0,9917,2479,482873,0,1,0.0,387679,4.00040338846309,0.13367579230786047,0.5987267694841596,1.5471293185351072,6770.59950030878,0.11215944257386534
164,,0.8488355,,5.048446,,2360.0,9945,2635,131386,0,0,1.0,387679,3.7741935483870965,0.5908435315768621,0.5908435315768621,1.4031379678918314,6793.608798119328,0.4817822783846838
165,,1.6737043,,10.582937,,2494.0,9973,2796,104739,1,0,0.0,423321,3.5668812589413452,1.180776019906082,4.88697518711586,6.099592489254611,6792.064708746449,51.66948474294946
166,,0.66889197,,5.0236444,,2167.0,10039,2957,58139,0,0,0.0,387679,3.3949949272911737,0.4216472720542318,1.6509871914238472,0.3025788373895373,6752.991558569754,0.32881954429269583
167,,0.59629846,,4.669221,,1731.0,10064,3015,10058,0,0,0.0,387679,3.3379767827529023,1.5570259908516093,1.5570259908516093,3.0726957546720874,6755.326654269317,0.05554288977237685
168,3.0,1.2632012,0.0,6.6641984,,2115.0,10005,2781,482873,0,0,0.0,387679,3.5976267529665584,0.7881189901969188,1.1767445355143544,0.23921311009117546,6768.134040256743,0.2738375813230639
169,,0.8388835,,6.1230745,,3170.0,10022,2920,18973,0,0,0.0,387679,3.4321917808219182,0.458239682784872,0.5370900053485943,41.59513860499956,6709.8317055358275,0.4002948054212267
170,,0.7802178,,4.6100826,,1747.0,10080,3013,16165,0,0,0.0,387679,3.3455028211085294,0.4927891683518214,0.4927891683518214,37.00853493732422,6715.600803869601,0.10707788833679284
171,,1.1751676,,9.862282,,1672.0,10085,3008,15224,0,0,0.0,387679,3.3527260638297878,1.037312428393721,29.836254633720568,35.68893821517696,6820.655854525759,0.7165980590201741
172,,1.6361082,,10.26253,,1907.0,10093,2971,13918,0,0,0.0,387679,3.3971726691349717,1.3924960291144417,28.965870259263525,72.41750938124645,6665.4977360747935,0.17496330548683714
175,,1.3964641,,5.3016777,,794.0,10098,2928,5010,0,0,0.0,423321,3.4487704918032787,1.0490555399543138,22.628752838488932,24.181665323726996,6758.890067701801,53.056941912124344
176,3.0,2.003992,1.0,8.862536,,3834.0,9964,2836,131386,0,0,0.0,387679,3.5133991537376588,0.3504300593013981,0.3504300593013981,0.1306561226285604,6795.277036911898,0.2730931905929639
177,,1.4253776,,6.714481,,833.0,10097,2920,26337,0,0,0.0,423321,3.4578767123287677,1.1380771674896402,1.1380771674896402,8.342150134158986,6809.542015620145,54.49597224693414
178,,0.9229582,,6.2927523,,1078.0,10064,2902,3681,0,0,0.0,423321,3.467953135768436,1.4676452023283684,8.50625622748931,13.748127284789591,6727.887626349271,48.41723305938113
180,,1.1906366,,7.1983833,,1341.0,9965,2719,3090,0,0,1.0,423321,3.66495034939316,1.9663643099980357,13.443418235743275,19.193173937735573,6734.136853569989,57.5946819731038
181,2.0,1.5595621,0.0,9.839184,,3852.0,9951,2712,131386,0,0,0.0,387679,3.6692477876106193,0.7054984693792391,0.738081752680218,0.4517736910912309,6795.098825734872,0.5438393385570998
187,,1.2667285,,6.3872447,,3124.0,9981,2821,55282,0,0,0.0,387679,3.5381070542360864,0.3946728931066079,0.9791940292947764,0.25788334426265824,6785.690945178985,0.2854222094670285
192,1.0,0.8993542,0.0,3.490378,,1042.0,9945,2763,482873,0,0,0.0,387679,3.5993485342019533,0.5990500656653894,0.5990500656653894,0.4642685748763447,6774.112436593488,0.046716437448121734
195,,0.81626034,,3.7753875,,1464.0,9981,2742,482873,0,0,0.0,387679,3.6400437636761485,0.5649802792208288,1.1785568219910103,1.1968971242903126,6770.959342271223,0.3372874083958774
196,,0.96222734,,6.1405244,,768.0,9960,2694,324698,0,0,0.0,423321,3.6971046770601337,0.8181876815921826,0.8181876815921826,1.6781120188279643,6733.953501527962,34.012446919798826
198,,1.306881,,6.1736193,,2185.0,9924,2569,324698,0,0,0.0,423321,3.8629817049435577,1.0328468794207588,1.0328468794207588,1.0168163502219896,6730.711618662821,32.32749303307962
199,,0.8137276,,4.3467054,,845.0,10004,2750,482873,0,0,0.0,387679,3.6378181818181816,0.6623700385617445,4.983396834999743,4.744259997149562,6765.04180281226,0.4087433345818975
200,,1.4443729,,6.9602675,,3166.0,9929,2560,482873,0,0,0.0,387679,3.878515625,0.7138902080572962,0.7138902080572962,0.93268539693526,6780.154845034673,0.18651489561546608
201,,1.2020404,,6.5497785,,4008.0,9916,2473,482873,0,0,0.0,387679,4.009704811969268,0.5074762605850626,0.5074762605850626,0.6654768871839077,6771.052120356623,0.047167474342534786
202,,1.539634,,7.5275917,,4642.0,9917,2458,482873,0,0,0.0,387679,4.034580960130187,0.7768900686205035,1.0760467906337006,1.3651258024331532,6778.040694856081,0.2863738277759789
203,,0.7814313,,5.216754,,2368.0,9998,2898,58139,0,0,0.0,387679,3.4499654934437545,0.4216472720542318,1.9994518473500955,0.6491469452042773,6753.090048905289,0.18286444523742595
204,,1.0813649,,7.141576,,281.0,10015,2836,104739,0,0,0.0,423321,3.5313822284908323,1.5886045932278894,1.5886045932278894,2.0770838965298903,6801.375853316628,50.48265048315889
205,2.0,1.5948795,0.0,8.053497,,3109.0,9944,2740,55282,1,0,0.0,387679,3.629197080291971,0.7002970099302177,1.4746972430683225,0.24567079955979226,6785.166382578008,0.6308219858567354
206,,0.78223705,,5.793164,,2548.0,10044,2899,55282,0,0,0.0,387679,3.464642980338048,0.7002970099302177,0.7002970099302177,0.9210087791947836,6784.537843116125,0.6099274754256025
207,,0.7376361,,5.558888,,1370.0,10063,2841,64552,0,0,0.0,387679,3.5420626539950724,1.2414495161907222,2.3452675759305053,2.006792676772327,6791.1583657109595,0.0745517403022161
211,,0.8523761,,5.9333687,,2948.0,10032,2959,6192,0,0,0.0,387679,3.3903345724907057,7.601128974825354,7.601128974825354,13.965485523647782,6798.676584795062,0.30883901467013897
212,,1.3570817,,4.920976,,420.0,10095,2967,12131,0,0,0.0,423321,3.4024266936299288,2.5429220385460773,8.321083912396151,10.894976119711849,6800.203995676214,40.08314289730135
213,,1.2907183,,10.876956,,570.0,10088,2963,16273,0,0,0.0,423321,3.404657441781978,0.4376381992402649,32.47593551072285,71.76302629735085,6648.552779398274,50.43063690937103
214,,1.021371,,4.181323,,216.0,10094,2936,5585,0,0,0.0,423321,3.438010899182561,22.829776023939065,22.829776023939065,127.3625302493188,6587.0075602977895,62.091681964229544
215,,1.2075198,,7.378305,,569.0,10087,2921,10409,0,0,0.0,423321,3.4532694282779866,3.78785852097852,4.825572992189456,11.366416354072413,6806.8358472982145,62.22548417232722
216,,0.512063,,4.2098136,,2075.0,10040,2909,42350,0,0,0.0,387679,3.451357854932967,0.2278241579940067,0.2278241579940067,0.7716933055149342,6713.246919939748,0.05858108007621055
217,,1.2925248,,9.818058,,2796.0,10040,2897,14496,0,0,0.0,423321,3.465654124956852,0.8214449361273006,13.39019141352849,22.93620427600939,6728.286217848184,56.88146756830413
218,,0.61659014,,4.028023,,2420.0,10065,2888,9660,0,0,0.0,423321,3.4851108033241003,0.2971847298489312,0.2971847298489312,22.98103362503833,6794.781997621128,6.614448532558073
219,,1.3287172,,11.528566,,1059.0,10054,2877,16273,0,0,0.0,423321,3.4946124435175534,0.8017534405168429,31.9388525759098,72.25572941000499,6647.808534399236,50.40200918466429
221,,1.0766733,,8.080809,,1416.0,10036,2870,18245,0,0,0.0,423321,3.4968641114982577,0.8635242061331753,3.9436606367426377,56.531755862001674,6665.4191916037635,26.262813758748873
222,,0.8923547,,7.0718665,,1425.0,10043,2861,12392,0,0,0.0,423321,3.5103110800419435,0.9434641798050324,1.2836014008139092,48.990215980764106,6676.842700390845,15.729076494315946
223,,1.4782267,,8.66038,,2140.0,9995,2855,40530,0,0,0.0,423321,3.5008756567425565,0.3183873344285332,0.3183873344285332,135.38957304723775,6582.821928930975,70.08467613248769
224,,1.2436651,,7.0046988,,2088.0,10048,2848,4466,0,0,0.0,423321,3.5280898876404496,12.073155856087448,18.54481415557611,123.78886741742943,6612.9531921806065,112.14328661891302
225,,1.2419288,,9.832061,,1331.0,10033,2837,14496,0,0,0.0,423321,3.5364821995065214,0.8214449361273006,13.361820131620666,22.28041496640705,6729.022351538729,56.84965835882431
227,,2.0706377,,12.611503,,2519.0,10005,2814,30392,0,0,0.0,423321,3.5554371002132195,0.4875665575009124,0.4875665575009124,0.18890886153425568,6784.3425299822275,54.67031369960845
228,,1.0706513,,8.234213,,1146.0,10048,2804,11288,0,0,0.0,423321,3.5834522111269616,1.73459819961233,6.5925034095774135,12.500614583399479,6717.658968424237,33.87620449715741
229,,0.47407815,,4.4554396,,3949.0,9921,2495,482873,0,0,0.0,387679,3.9763527054108216,0.32101735753500776,0.32101735753500776,1.6771953230011298,6776.626983846127,0.4008810284013769
234,,0.85196686,,4.9868445,,1522.0,9944,2619,482873,0,0,0.0,387679,3.796869033982436,0.5649802792208288,1.1567112631002945,0.7639404238918476,6771.555891154991,0.2982257882347397
235,,0.8977773,,5.7174344,,2262.0,9937,2601,482873,0,0,0.0,387679,3.820453671664744,0.15249355905080073,2.733750676894364,2.932035418663127,6770.035724199794,0.12497085702880338
239,,1.0891733,,6.9098325,,2404.0,9947,2639,482873,0,0,0.0,387679,3.7692307692307687,0.15249355905080073,2.586067990107155,2.832852927141245,6770.071323588145,0.06839979488379537
240,,1.3449175,,6.3853264,,3077.0,9927,2598,131386,0,0,0.0,387679,3.8210161662817548,0.7054984693792391,0.7054984693792391,0.4392956935558449,6794.669055266347,0.5623903819633255
246,,0.6538241,,4.4998903,,2235.0,9994,2791,61732,0,0,0.0,387679,3.5807954138301685,0.4065646474024767,0.4065646474024767,2.934485073926944,6770.674126125855,0.9138450629977306
248,,1.0565348,,6.6255,,413.0,10081,2905,12283,0,0,0.0,423321,3.470223752151463,1.2497736803923951,1.2497736803923951,12.215183814597767,6801.86690691295,65.2762276324425
249,,0.6552525,,5.508983,,1271.0,10041,2889,42350,0,0,0.0,387679,3.4755970924195223,1.1599025977438358,1.1599025977438358,2.3428178389854293,6711.49040222651,0.5549591133192837
250,,0.55837065,,4.2042775,,1327.0,10027,2880,31897,0,0,0.0,387679,3.4815972222222222,0.7555190523806591,1.4172764705288983,1.3868278889828471,6767.423781003523,0.8782924891246967
251,,0.37615806,,4.3369284,,2003.0,10020,2848,6126,0,0,0.0,387679,3.5182584269662924,8.787046093580916,9.242046605797551,19.799835697707923,6768.6370412785445,0.6614476725524988
252,,0.3627864,,3.4371784,,2091.0,10012,2848,28485,0,0,0.0,387679,3.515449438202247,0.6231342676691022,0.6231342676691022,14.315690002626953,6805.111997345926,0.5515484684690594
253,,1.0732033,,8.671978,,1267.0,10012,2831,4803,0,0,0.0,387679,3.53655951960438,21.629317142604,40.768556594732324,63.18841067184615,6685.651655197635,0.19206607751586008
254,,1.2835522,,12.73479,,1063.0,10030,2830,13918,0,0,0.0,387679,3.5441696113074204,1.3924960291144417,29.299700800996032,73.39279095775825,6663.970480126285,1.4326507444639989
255,,0.53727305,,3.7982666,,2010.0,9985,2829,4913,0,0,0.0,387679,3.5295157299399085,8.42244596120122,10.692329725172293,16.190562043324828,6785.574855133708,0.2158374876210323
256,,0.91167367,,7.322011,,819.0,10053,2826,2048,0,0,0.0,423321,3.5573248407643314,2.2868837883685047,2.2868837883685047,3.961717815569802,6798.540328857007,57.640689550536784
257,,1.4803241,,11.699252,,2113.0,10024,2821,16795,0,0,0.0,387679,3.5533498759305213,0.7067296681423929,26.979402058473692,30.47457932212163,6802.126654598467,0.2186409480912168
258,,1.2257357,,8.461431,,1759.0,10033,2787,12131,0,0,0.0,423321,3.5999282382490136,2.5429220385460773,8.153754888723952,10.273972126824646,6797.4797902199325,41.31784823821435
259,,1.3447902,,6.56741,,1173.0,10077,2780,26337,0,0,0.0,423321,3.6248201438848917,0.7213387377299875,0.7213387377299875,6.836930099947787,6807.858996102198,54.304819677747076
260,,1.3090501,,6.721676,,1264.0,10025,2769,30392,0,0,0.0,423321,3.6204405922715774,0.5855642000425365,0.5855642000425365,0.6284892135389788,6783.385804976894,55.13447233202598
262,,2.3775077,,9.056719,,1275.0,9990,2760,31882,0,0,0.0,423321,3.6195652173913038,0.42583171014760857,0.42583171014760857,133.54208903482558,6594.677405377548,93.67727543152408
264,,1.2924334,,7.561382,,1477.0,9992,2728,10409,0,0,0.0,423321,3.6627565982404686,3.0894790015227906,3.612336469972485,8.169429080209046,6806.360882951316,58.48394225450096
265,,1.0012664,,5.378941,,1449.0,10028,2725,12283,0,0,0.0,423321,3.68,0.32239340677919104,0.32239340677919104,10.877582370282353,6801.380907865872,64.04744774397598
268,,0.9590174,,5.7900467,,1941.0,9921,2520,482873,0,0,0.0,387679,3.9369047619047617,0.9547571836735848,0.9547571836735848,0.7614519318961351,6779.5348192868105,0.11208018975765643
269,,0.8909133,,4.803684,,1566.0,9922,2542,482873,0,0,0.0,387679,3.9032258064516134,0.4347552467776806,0.4347552467776806,0.6049599503749495,6773.12297154324,0.3321937216509868
270,,0.9995048,,5.4452057,,2468.0,9920,2484,482873,0,0,0.0,387679,3.9935587761674713,0.4720754888607208,1.0107318263334906,1.424801498074623,6769.045228183579,0.1010221366552654
271,,0.9455018,,6.9293976,,2533.0,9969,2718,61732,0,0,0.0,387679,3.667770419426049,4.302852084778411,4.708820873495824,7.007930334341763,6766.391620749539,0.5497138805596331
275,,0.48607853,,3.5511055,,1482.0,9964,2696,64552,0,0,0.0,387679,3.6958456973293767,0.4166205264025845,0.4166205264025845,0.7828470270952667,6793.800210501317,0.9972375997365988
276,,0.82786727,,5.6153965,,1272.0,9941,2694,55282,0,0,0.0,387679,3.6900519673348184,0.8211769668130159,0.8211769668130159,0.9016105164515358,6785.914676860743,0.1904113753904035
281,,0.8291111,,4.9668036,,232.0,10079,2887,270,0,0,0.0,423321,3.4911673016972635,2.331507393373563,2.331507393373563,3.0506179187692912,6803.744064313196,53.603240988225714
282,,0.30445477,,3.3293362,,427.0,10076,2871,3279,0,0,0.0,423321,3.5095785440613025,22.933417930773125,22.933417930773125,23.665944021068483,6703.918879538522,10.147865908303967
283,,0.44388545,,4.6163754,,835.0,10031,2847,7587,0,0,0.0,387679,3.5233579206181944,9.203016058993247,12.063048214633293,12.266809923664674,6763.764587453215,0.1916290791788057
284,,0.7780572,,7.370561,,546.0,10066,2834,6144,0,0,0.0,387679,3.551870148200424,1.5455810971821058,24.008885182439922,54.29989238649463,6703.535090408189,0.7363355977034837
285,,0.43656415,,4.7510505,,467.0,10059,2828,3725,0,0,0.0,423321,3.5569306930693068,21.531645383754142,24.301834449341165,34.50196026059658,6693.584837948799,33.968659015514625
286,,0.95678437,,8.803457,,840.0,10029,2801,4100,0,0,0.0,423321,3.580506961799357,0.6680010466887915,47.79137590376112,64.83382783165403,6664.411728758805,55.613287067547425
287,,1.0281417,,9.8163185,,1601.0,10048,2796,5980,0,0,0.0,387679,3.5937052932761087,12.408599399624483,28.556423352597882,40.580117208617786,6736.036366395795,0.4938038208880258
288,,1.184158,,5.954736,,970.0,9996,2750,5010,0,0,0.0,423321,3.6349090909090913,1.0490555399543138,21.579909694101467,23.13282878369103,6759.947886648206,53.27907253027295
289,,0.8132274,,4.2064905,,621.0,10055,2737,1684,0,0,0.0,423321,3.6737303617099015,4.448309644475509,4.880073270561098,12.149092747262127,6812.300217810695,58.283927881751545
290,,0.62403065,,5.3222094,,1152.0,9984,2731,8719,0,0,0.0,387679,3.6558037348956423,0.7133218254997552,4.616505728119401,14.404537477837353,6758.137589350775,0.4507018314718168
291,1.0,2.6528518,0.0,11.798307,,1919.0,9956,2729,31882,0,0,0.0,423321,3.648222792231586,0.7547525907596397,0.7547525907596397,132.4130788893656,6595.7605282534105,93.98175837886228
292,,0.5667613,,3.5389364,,1242.0,9990,2727,2970,0,0,0.0,387679,3.663366336633664,9.22040639620079,14.182858958896023,17.880905343146235,6791.17504436972,0.07296651964409401
293,,1.2464193,,7.430466,,965.0,10065,2720,30392,0,0,0.0,423321,3.700367647058824,0.2278997019571579,1.2581721575609743,1.7662654387558787,6781.680082904692,56.92712872300968
294,,1.5403192,,7.8973904,,2282.0,9956,2720,40530,0,0,0.0,423321,3.6602941176470583,0.4037494506875193,0.4037494506875193,135.98608631283685,6582.200275620853,69.76120480342422
295,,1.0912421,,7.5808992,,766.0,9986,2715,18245,0,0,0.0,423321,3.678084714548803,0.8635242061331753,4.267763682111053,57.36158301949754,6664.470512600543,26.870204205878444
297,,0.42377478,,3.7191162,,1209.0,9991,2702,3590,0,0,0.0,387679,3.6976313841598816,14.427360509459653,14.427360509459653,14.909737179281613,6783.032341454455,0.5035514986167238
298,,1.3546678,,10.138175,,1271.0,9957,2665,15224,0,1,0.0,387679,3.7362101313320815,0.4430171450516657,30.29512452814168,36.036822721391175,6822.043902670742,0.3980701316845007
299,,0.9230505,,7.8407855,,840.0,9922,2556,14496,0,0,1.0,423321,3.8818466353677614,2.335935781757561,11.954420657114838,21.938591901276,6731.595126569373,58.35214528193018
302,,0.8238367,,6.7701735,,1286.0,9959,2678,58139,0,0,0.0,387679,3.71882001493652,0.839749525408576,3.016295564435124,1.7469989462631874,6753.39851229175,1.2591521711829257
305,,0.77149034,,6.1184473,,1067.0,9940,2690,64552,0,0,0.0,387679,3.695167286245353,2.6895287794876044,2.6895287794876044,3.7918573708560617,6797.2414281679,0.10326304957689622
306,,0.98442936,,6.490101,,1458.0,9953,2643,55282,0,0,0.0,387679,3.76579644343549,0.7214615409908414,0.7214615409908414,2.127501469010561,6787.599234849024,0.048380901683745176
307,,0.70384026,,5.3664875,,1839.0,9927,2597,61732,0,0,0.0,387679,3.8224874855602615,0.5997253652452809,0.5997253652452809,2.9173430175023167,6771.593992699563,0.5649903983628798
308,,0.8739499,,6.4932933,,2508.0,9924,2586,61732,0,0,0.0,387679,3.8375870069605567,0.3910947318929529,0.3910947318929529,0.3214579054629314,6775.191540665468,0.23578584684798215
311,,0.61864436,,2.949164,,2456.0,9925,2538,28485,0,1,0.0,387679,3.910559495665879,0.35702017176400186,0.35702017176400186,13.38943588027033,6804.388594549825,1.4418891175685673
313,,0.75554013,,5.393387,,402.0,10044,2872,16165,0,0,0.0,387679,3.4972144846796662,0.9960893794442532,0.9960893794442532,35.941049486224635,6716.77344872041,1.185334125847623
314,,0.6248268,,5.326522,,628.0,10037,2793,25557,0,0,0.0,387679,3.5936269244539916,0.9952343240553162,0.9952343240553162,16.002623379744858,6769.196919430818,0.13799293829582907
316,,0.45215207,,3.078372,,2170.0,9977,2761,31897,0,0,0.0,387679,3.613545816733068,0.5759897738238231,0.5759897738238231,0.8054090808369664,6765.754548458735,1.0311837052602393
318,,0.5557555,,3.7272484,,292.0,10074,2755,4288,0,0,0.0,423321,3.6566243194192376,27.72634291520163,62.13918337754865,81.66424610231955,6664.61544046533,80.98701301934126
319,,0.828881,,5.958422,,262.0,10006,2746,18245,0,0,0.0,423321,3.643845593590677,1.8366142522599216,1.8366142522599216,56.990344750694064,6665.46085266136,24.710232117202484
320,,1.0962129,,7.161967,,694.0,10019,2743,2573,0,0,0.0,387679,3.6525701786365294,12.408599399624483,26.56102061405797,28.30352248372559,6740.138206494698,0.19488053656403484
321,,0.78430545,,8.796212,,1556.0,9968,2732,8942,0,0,0.0,387679,3.6486090775988287,1.7670097505226463,6.8808464563197065,7.029008759100551,6777.706283534268,0.35272296547177995
322,,0.7539265,,5.9627066,,336.0,10027,2727,7056,0,0,0.0,423321,3.6769343601026767,0.17092646369062475,44.871657977713184,68.4679572889797,6698.315518523385,85.16444723536091
323,,1.2809472,,11.350073,,845.0,9957,2720,16273,0,0,0.0,423321,3.6606617647058814,0.4376381992402649,32.347983545996996,72.00014740990437,6648.225263661623,50.489369779196565
324,,0.6879027,,4.375483,,555.0,9978,2719,2984,0,0,0.0,423321,3.6697315189407873,1.9663643099980357,14.884121712131636,17.457723499576332,6735.280501196711,56.47902600542702
325,,0.6185429,,3.608214,,68.0,10069,2718,460,0,0,0.0,423321,3.7045621780721114,1.8411133683412653,3.964810875690296,54.73692402477288,6667.447449757319,24.451140945279878
326,,1.2782843,,9.410028,,692.0,9986,2716,6405,0,0,0.0,387679,3.676730486008836,0.7197533859282884,36.756485989091935,72.74390941353681,6675.357806994796,0.9482192513333516
327,,0.46171522,,2.4763634,,368.0,10000,2714,1667,0,0,0.0,423321,3.684598378776714,2.72130069965496,4.689179477590182,11.44567089717195,6720.212719187459,36.46456404468528
328,,0.612597,,4.311533,,200.0,10035,2713,722,0,0,0.0,423321,3.6988573534832287,1.180776019906082,3.960627672248732,5.21347145877518,6793.272743478012,50.90915056514642
329,,0.7612064,,3.6887112,,438.0,9995,2710,2748,0,0,0.0,423321,3.688191881918819,12.073155856087448,28.795915762710212,112.99435398946295,6626.059351241922,103.59144881039248
330,,0.8894633,,5.012828,,813.0,9990,2700,6144,0,0,0.0,387679,3.7,1.5455810971821058,22.80237552794571,55.61940266967222,6702.843163837906,0.3621071138331391
331,,0.87732375,,5.452933,,448.0,10075,2696,7056,0,0,0.0,423321,3.7370178041543034,0.17092646369062475,44.717266942366656,68.35407051472599,6698.499909440778,85.13728257405077
332,,0.9642575,,5.449165,,116.0,10056,2695,16672,0,0,0.0,423321,3.731354359925788,2.191375545197248,3.2944451647367115,29.206136632216683,6739.00691586835,68.37036613096643
334,,1.0919423,,7.112591,,2185.0,9971,2658,12392,0,0,0.0,423321,3.751316779533484,0.4402516874849707,0.4402516874849707,49.63293327929349,6675.8923763859875,16.51220242423107
335,,0.478883,,3.6347113,,127.0,10029,2653,2658,1,0,0.0,423321,3.78024877497173,3.692528272250732,3.692528272250732,8.388717726025009,6727.820421625219,41.373482082602884
336,,0.82697165,,5.246253,,1411.0,9953,2632,119,1,0,0.0,387679,3.781534954407295,4.543306824699032,5.557398729797609,9.915955803466536,6782.072180145418,0.0921149032179201
337,,1.0640659,,6.303849,,2166.0,9932,2576,16672,0,0,0.0,423321,3.855590062111801,0.5720691334530619,0.5720691334530619,31.633927529620923,6737.6156317265395,69.68453198491858
338,,0.8403426,,4.1396427,,377.0,9926,2451,482873,0,0,0.0,387679,4.049775601795186,0.7881189901969188,0.7881189901969188,0.63260421067373,6768.241227060853,0.07163947525245186
339,,0.4156378,,3.592782,,2616.0,9943,2690,28485,0,0,0.0,387679,3.6962825278810407,0.4618022273324797,0.4618022273324797,13.99016153739038,6805.510911240281,1.500883515882944
342,,0.47978082,,3.2334757,,794.0,9980,2695,2208,0,0,0.0,387679,3.7031539888682743,13.910495035075447,13.910495035075447,17.525815405186467,6738.278008129842,3.644804754500119
346,,0.58094573,,4.107641,,814.0,9977,2778,31897,0,0,0.0,387679,3.591432685385169,0.7555190523806591,0.7979142818393778,0.6772455156395372,6767.189479083657,0.9363671521323969
347,,0.39635015,,3.6095426,,122.0,10009,2726,500,0,0,0.0,387679,3.6716801173881146,2.8306196597702997,3.7533930784315728,3.0469104477765385,6780.220519788121,0.021893504806764896
348,,0.46420613,,3.595153,,154.0,10022,2708,1069,0,0,0.0,387679,3.700886262924668,18.326720518614263,23.984887468331323,24.50755602920959,6728.736053999958,0.5049949236444953
349,,0.5372727,,4.59964,,896.0,9955,2694,4700,0,0,0.0,387679,3.6952487008166295,4.974369280860809,5.6724191581127945,10.11705988383297,6759.143375301641,0.2432258294454737
351,,0.74878466,,6.4913673,,2446.0,9959,2688,42350,0,0,0.0,387679,3.7049851190476186,0.43061115242931663,0.43061115242931663,0.4035027558844893,6714.045161618647,0.4734608322736794
352,,1.3742115,,9.789715,,1753.0,9962,2680,16795,0,0,0.0,387679,3.717164179104478,0.2251191598978894,26.854683729940138,30.256488198081023,6802.505653458086,0.11559938159021765
353,,0.40234047,,2.7807536,,262.0,9991,2671,4600,0,0,0.0,423321,3.7405466117558968,0.4870995823367417,18.201256207295792,21.242462951983427,6756.887585854275,12.787890520874095
354,,0.5888908,,5.753113,,1030.0,9947,2670,3498,0,0,0.0,387679,3.725468164794008,2.097593950472916,5.64044170414786,4.831902095678188,6783.9906688849205,0.6890403271998435
355,,0.71525466,,4.162716,,515.0,9994,2660,3853,0,0,0.0,387679,3.7571428571428567,19.39965798945376,24.79773847775791,25.17570008024196,6742.255476055383,0.9161159453747978
356,,0.9191684,,7.6194777,,624.0,9942,2656,4100,0,0,0.0,423321,3.743222891566265,0.6680010466887915,47.14026815154643,64.61833025096594,6664.273867627035,55.099186748361085
357,,0.8502279,,5.7448387,,2564.0,9936,2655,42350,0,0,0.0,387679,3.742372881355932,0.6642334661857914,0.6642334661857914,2.20606275457964,6713.455139637839,1.2339261408978843
359,,1.1960593,,10.171051,,827.0,9988,2642,16795,0,0,0.0,387679,3.7804693414080237,1.0347755530334517,25.918645663116678,29.267635120656895,6801.983632871177,1.039355640829644
361,,0.912858,,5.1954484,,467.0,10015,2615,8300,0,0,0.0,423321,3.8298279158699815,0.9014399165046572,18.340178870413027,38.4268393456029,6749.583554557347,86.89323495373421
362,,0.47076502,,5.2588487,,1104.0,9939,2612,2506,0,0,0.0,387679,3.805130168453292,2.6950255486585672,2.6950255486585672,2.9305719173323124,6791.453536376539,0.4764103122858608
363,,1.098619,,10.443415,,1810.0,9927,2604,6405,0,0,0.0,387679,3.81221198156682,0.3765284318039819,37.585829020752776,73.5160906515285,6674.4079406854025,0.4429005854839021
364,,1.2390552,,9.301496,,1870.0,9955,2601,16795,0,0,0.0,387679,3.827374086889658,0.2251191598978894,26.982665518703165,30.357719674682194,6802.744658999372,0.11726208568238702
365,,1.011673,,8.749082,,714.0,9973,2600,6326,0,0,0.0,423321,3.8357692307692313,0.9396261483961788,43.85558777113535,95.52999186811451,6621.7955344935535,60.85810303543988
366,,0.48900393,,4.1832924,,384.0,10017,2593,9660,0,0,0.0,423321,3.863092942537601,0.7065140890307283,0.7065140890307283,23.5660665814488,6795.822698967376,5.833592723486601
368,,0.5469342,,4.9655623,,1164.0,9929,2575,2289,0,0,0.0,387679,3.855922330097088,2.7349813035374955,2.8979401838161727,3.6077730245494903,6787.095709988514,0.247541512687954
369,,0.7692804,,5.2538342,,1830.0,9927,2565,18973,0,0,0.0,387679,3.8701754385964913,0.458239682784872,0.6945429293779296,41.19033804089895,6710.213652022533,0.5643547861632241
371,,1.224885,,8.343315,,1240.0,9933,2513,6326,0,0,0.0,423321,3.952646239554317,0.9396261483961788,44.298840151741324,95.58226485919157,6621.6318576964095,60.1010193534344
373,,0.87165105,,7.3028564,,871.0,9943,2545,55282,0,0,0.0,387679,3.906876227897839,2.097593950472916,3.747511913664837,2.8741145561327297,6785.200122647995,0.32729126244555634
375,,0.7585486,,5.881273,,192.0,9980,2663,4509,0,0,0.0,423321,3.747653022906496,0.6516928013573153,60.88795584462971,134.753338573913,6580.791149174236,39.031683642286055
376,,0.8097427,,7.2478013,,320.0,9956,2659,4509,0,0,0.0,423321,3.744264761188417,0.6516928013573153,61.036569017576724,134.16281103985997,6581.483995160866,39.46527926670064
377,,0.5116232,,6.2406287,,936.0,9945,2655,500,0,0,0.0,387679,3.745762711864407,2.5306166703780644,3.518188064837221,3.5986706324386666,6767.639180945774,3.0911004305134986
378,,0.5444859,,5.1211987,,690.0,9945,2643,500,0,0,0.0,387679,3.7627695800227015,3.5029177355718324,9.141184626960245,8.33370901600445,6783.090525230329,0.5660873096305908
379,,0.5922728,,3.6508062,,609.0,9940,2641,500,0,0,0.0,387679,3.7637258614161295,6.7183272091475725,7.903728900644655,7.840426658821034,6784.87549294947,0.02115795822224499
380,,0.7945835,,5.694012,,211.0,10058,2633,1276,0,0,0.0,387679,3.8199772123053553,25.25772259659258,53.18342741281763,53.482510316163136,6838.208733236714,0.08070469197652723
381,,0.25597638,,2.1801662,,306.0,9987,2613,2237,0,0,0.0,387679,3.822043628013777,16.549660735387178,16.933987625222898,22.470405471647567,6793.83994509848,0.5433286775950062
382,,0.696443,,4.762083,,119.0,9962,2602,1877,0,0,0.0,423321,3.8285933897002304,25.30866251613725,44.09610694266424,72.9621822562162,6724.169193893667,103.91571055834585
383,,0.46484536,,4.798534,,436.0,9956,2586,1492,0,0,0.0,423321,3.849961330239752,1.4676452023283684,8.591088635739446,15.208443497452713,6726.880214575774,48.747059948932936
384,,1.0330193,,9.861015,,865.0,9959,2580,2391,0,0,0.0,387679,3.8600775193798453,28.791759123475032,28.809069562726265,30.89176896014811,6700.510631457327,0.7122089534859115
385,,1.0858123,,5.620112,,1016.0,9927,2527,18973,0,0,0.0,387679,3.928373565492679,0.7369510979706566,0.7369510979706566,41.0882576287774,6709.35590831909,0.0311241491423696
386,,0.64998484,,5.086835,,1369.0,9923,2527,31897,0,0,0.0,387679,3.9267906608626832,1.0174603676805192,1.0174603676805192,1.0681224762395516,6766.932945260684,0.5955569612097115
387,,1.2789552,,10.513379,,1721.0,9940,2523,6405,0,0,0.0,387679,3.939754260800634,0.3765284318039819,37.25644171964343,73.1635449693003,6674.749252072198,0.2345699445327189
388,,0.56825954,,3.9675891,,734.0,9921,2488,4600,0,0,0.0,423321,3.987540192926045,0.4870995823367417,18.08786991144069,21.143876479884103,6757.33522374715,12.924577167898581
389,,1.225882,,7.2416277,,1180.0,9919,2327,30392,0,0,0.0,423321,4.262569832402234,0.2278997019571579,1.2160366055549208,1.9293471453228417,6781.452629907166,56.928520761822064
390,,0.44472533,,4.3566256,,949.0,9921,2522,2278,0,0,0.0,387679,3.9337827121332274,6.878860765293324,8.838894074058116,8.688685962217255,6775.264369891359,0.3591573841559313
393,,0.52143013,,4.2316055,,280.0,9947,2549,3589,0,0,0.0,423321,3.9023146331894862,23.25229458801665,23.25229458801665,157.84782638351362,6571.238654078986,90.05250932801813
394,,0.801543,,6.000961,,168.0,9934,2472,16672,0,0,0.0,423321,4.018608414239481,1.388660707280756,1.949979552394301,30.337434492809372,6737.0111378408055,68.3241592953256
395,,0.79702634,,6.599449,,266.0,9930,2455,3022,0,0,0.0,423321,4.044806517311609,35.1718792696319,38.51020572401679,95.16838076320515,6625.459109585879,30.407277000948163
396,,0.90346336,,5.531892,,65.0,9929,2451,8300,0,0,0.0,423321,4.050999592003264,0.9014399165046572,18.06274190594218,39.23994881178049,6748.605400699104,87.27390798932859
398,,0.37042153,,4.3003902,,355.0,9930,2550,8942,0,0,0.0,387679,3.894117647058824,1.7670097505226463,5.126266966573397,5.282044112934416,6779.655287629787,1.6550505519229834
399,,0.34421384,,3.2254586,,283.0,9930,2533,500,0,0,0.0,387679,3.920252664824319,3.901270583902703,3.901270583902703,4.970835437906835,6800.6820562585535,0.0914435256592632
400,,0.59312224,,3.5968246,,139.0,9944,2421,1337,0,0,0.0,387679,4.107393638992152,15.26419368379494,15.26419368379494,27.81046419677313,6826.200856975009,0.10314810392810493
401,,0.678998,,4.5810804,,85.0,9911,2231,555,0,0,0.0,423321,4.442402510085165,2.882191039487468,3.109016253392061,4.3300073687177365,6788.8714020683265,52.44612359887518
