,ADDRESS,CITY,Postamat_daily,cashbox_daily,Postamat_trend,cashbox_MAX,cashbox_trend,hh_500,value1,value2,POPULATION,NEAR_Malls,NEAR_Business_centers,NEAR_metro_rjd,macro_salary_avg_yearly,Avg_check,coords,dist_to_closest_shop,dist_to_closest_postomat,dist_to_competitor,dist_to_post,NEAR_shops,NEAR_stops
0,"г.Калуга, Литейная ул., 25/15",калуга,2.1863384,3.3,,13.0,1.0,7696.0,10099,3382,324698,0,0,0.0,423321,2.9861028976936725,"[54.531659, 36.268078, '01']",0.5606419927479993,0.5606419927479993,0.22961468735550994,6732.820120030588,49.796461126514565,36.062068149511276
1,"г.Калуга, Гагарина ул., 1",калуга,1.7613922,,,,,6369.0,10068,3236,324698,1,1,0.0,423321,3.111248454882571,"[54.515732, 36.242368, '00']",0.4226250727165017,0.4510620462061144,0.28070624406619593,6730.138647244848,49.966548352197854,34.59871165435677
2,"г.Калуга, Кибальчича ул., 25",калуга,2.205563,3.1,,12.0,1.0,5553.0,10100,3436,324698,1,0,0.0,423321,2.939464493597206,"[54.580597, 36.249717, '01']",0.3637850833268157,0.3637850833268157,0.0666654652213374,6736.078406484809,54.33589319594846,41.61899410700518
5,"г.Тула, Кутузова ул., 13",тула,5.019447,,,,,5023.0,10100,3484,482873,1,0,0.0,387679,2.8989667049368544,"[54.21284, 37.667644, '00']",0.7768900686205035,1.3360254525680515,1.4874535706971284,6778.649907348734,4.152802570633056,0.03962224652134408
6,"г.Калуга, Фридриха Энгельса ул., 78А п.1",калуга,2.2889667,1.2,,6.0,1.0,7703.0,10088,3243,324698,0,0,0.0,423321,3.1106999691643535,"[54.507902, 36.278166, '01']",0.08304050203374011,0.08304050203374011,0.4203728706893826,6731.299963522078,47.611564657037604,33.35555936763161
10,"г.Калуга, Суворова ул., 77",калуга,1.2962666,3.2,,19.0,1.0,6487.0,10094,3194,324698,0,0,0.0,423321,3.1603005635566688,"[54.517802, 36.248378, '01']",0.38821886524622734,0.38821886524622734,0.20415747415063246,6730.623716239477,49.80226190077125,34.750450308169896
12,"г.Тула, Степанова ул., 89 А",тула,2.7923586,,,,,6686.0,10094,3187,482873,1,0,0.0,387679,3.1672419203012234,"[54.203483, 37.642887, '00']",0.26719654480468497,0.26719654480468497,0.5923629428180802,6776.553709979826,2.32677637125633,0.12738920026296374
13,"г.Калуга, Победы пл, 10",калуга,2.0484097,2.5,,14.0,1.0,9463.0,10014,3122,324698,0,0,0.0,423321,3.207559256886612,"[54.511959, 36.274133, '01']",0.3665868177494623,0.3665868177494623,0.3862087099125719,6731.441183034019,48.09690995676665,33.838248139960434
16,"г.Тула, Пузакова ул., 1",тула,3.476522,,,,,7339.0,10085,3142,482873,0,0,0.0,387679,3.2097390197326545,"[54.218437, 37.623555, '00']",0.3659600687855932,0.3659600687855932,2.2782692837765235,6776.786092902718,2.279084179974769,0.08993844635805827
17,"г.Калуга, Мичурина ул., 11",калуга,1.9720702,,,,,7552.0,10036,2945,324698,0,1,0.0,423321,3.4078098471986418,"[54.508336, 36.273944, '00']",0.25475871760631696,0.25475871760631696,0.26064023638022,6731.120937841292,47.854841697452095,33.44118310931685
19,"г.Калуга, Пушкина ул., 3 п.68",калуга,3.1950736,,,,,3773.0,10094,3114,324698,0,1,0.0,423321,3.241490044958253,"[54.512136, 36.244488, '00']",0.4226250727165017,0.6782216340705864,0.20089361774290834,6729.938750241981,49.61422928784021,34.17976026622165
20,"г.Тула, Болдина ул., 98",тула,2.8123126,,,,,5082.0,10042,3003,482873,1,1,0.0,387679,3.343989343989344,"[54.172388, 37.573923, '00']",0.5175632018613441,0.5716685841650836,1.0762229425065757,6770.292641364141,3.373688823859621,0.09971538115678716
21,"г.Обнинск, Маркса пр-кт, 34",обнинск,1.9731021,,,,,4982.0,10087,3159,104739,0,1,0.0,423321,3.1930990819879708,"[55.115311, 36.595002, '00']",0.28440929467659537,0.28440929467659537,0.21197479983015924,6799.541644686223,57.215140165376,53.42233740416889
22,"г.Обнинск, Энгельса ул., 17",обнинск,2.088367,,,,,7836.0,10054,3075,104739,0,0,0.0,423321,3.2695934959349597,"[55.118822, 36.607722, '00']",0.37119268417968493,0.37119268417968493,0.38165281652583455,6800.489502287223,56.83378214302689,53.008203654266694
23,"г.Обнинск, Маркса пр-кт, 79",обнинск,1.8650792,3.5,,13.0,1.0,7490.0,10096,3054,104739,0,0,0.0,423321,3.3058284217419778,"[55.121886, 36.605405, '01']",0.37119268417968493,0.4947170654768833,0.6885339259866227,6800.6343664544165,57.164513508045744,53.331908996172466
24,"г.Обнинск, Аксенова ул, 16",обнинск,1.9110919,4.399999999999999,,14.0,1.0,6109.0,10048,2978,104739,1,1,0.0,423321,3.374076561450638,"[55.116557, 36.61596, '01']",0.4276953067964277,0.4276953067964277,0.20721963970999585,6800.7143265940795,56.269584366802356,52.43881000904349
25,"г.Тула, Макаренко ул., 9 Б",тула,3.5301218,,,,,6469.0,10061,3010,482873,1,0,0.0,387679,3.3425249169435216,"[54.167144, 37.568524, '00']",0.4720754888607208,0.7400648061777363,1.0744969807213065,6769.566473628468,4.0467421845245015,0.13492445561904426
26,"г.Калуга, Секиотовское кольцо ул, 5",калуга,2.871677,0.4,,3.0,1.0,237.0,10100,3205,324698,1,0,0.0,423321,3.1513260530421223,"[54.468474, 36.237589, '01']",1.3194110613106356,1.3194110613106356,0.9838734349912466,6725.841700519836,47.19681730688678,29.538482402847738
27,"г.Калуга, Советская ул., 118Б",калуга,4.0475044,1.3,,7.0,0.0,1734.0,10098,3194,324698,1,0,0.0,423321,3.1615529117094554,"[54.515048, 36.352619, '01']",1.2942550764019856,1.2942550764019856,3.2142724679220835,6735.727960417519,44.50171015687943,33.84936230372448
28,"г.Калуга, Максима Горького ул., 41",калуга,2.5703313,1.6,,10.0,1.0,8197.0,9992,2831,324698,0,0,0.0,423321,3.5294948781349347,"[54.512382, 36.279765, '01']",0.24593267150509734,0.24593267150509734,0.07154275150698047,6731.765860323905,47.843967993838405,33.8356667726313
32,"г.Новомосковск, Калинина ул., 14",новомосковск,2.3125682,1.8,,7.0,1.0,4608.0,10059,3055,131386,1,1,0.0,387679,3.2926350245499183,"[54.008051, 38.304748, '01']",0.9002413781156452,0.9002413781156452,0.3842659327055051,6795.569017396781,2.289487331963495,0.6798473357054059
33,"г.Тула, Калужское ш., 2",тула,2.977782,,,,,3971.0,10094,3096,482873,1,0,0.0,387679,3.2603359173126614,"[54.157549, 37.582152, '00']",0.1901242456103061,0.3874147138472552,0.15939042667964626,6769.481800054777,4.5272856215294315,0.2153127718348941
34,"г.Калуга, Дзержинского ул., 38",калуга,3.2876894,,,,,3148.0,10053,3083,324698,1,0,0.0,423321,3.2607849497242944,"[54.512967, 36.25251, '00']",0.5260109465403303,0.6001469583738959,0.1943642478878733,6730.420584577441,49.26084438518397,34.173120968651894
35,"г.Обнинск, Курчатова ул., 26 А",обнинск,2.286694,1.3,,9.0,1.0,2929.0,10098,3243,104739,0,0,0.0,423321,3.1137835337650324,"[55.106304, 36.615394, '01']",0.8724092487737461,0.8724092487737461,1.1054858689656606,6799.806661594102,55.57670705438291,51.78408410692442
42,"п.Воротынск, Центральная ул., 3",воротынск,1.9551287,,,,,2022.0,10094,3139,11288,0,0,1.0,423321,3.2156737814590635,"[54.467956, 36.040894, '00']",1.73459819961233,7.403637332955723,13.677808737266698,6715.7422216052255,58.017712494491434,32.80934620516245
43,"г.Тула, Октябрьская ул, 48 Б",тула,3.8312485,,,,,5223.0,9987,2939,482873,1,0,0.0,387679,3.3980945899965973,"[54.212587, 37.621759, '00']",0.28439581681029313,0.3164256019480213,1.7572740734902197,6776.1998258968315,1.658322590889865,0.027425565330071944
45,"г.Калуга, Фомушина ул., 11",калуга,3.8291266,3.8,,13.0,1.0,3432.0,10093,3062,324698,0,0,0.0,423321,3.296211626387982,"[54.489493, 36.206687, '01']",0.4415101932252909,0.4415101932252909,3.706993253942169,6726.062339440489,50.14318414577809,32.318250576850616
47,"г.Калуга, Маяковского ул, 47А",калуга,3.599172,1.2,,8.0,1.0,5217.0,10040,2983,324698,0,0,0.0,423321,3.365739188736172,"[54.528159, 36.311395, '01']",0.10672861538115863,0.10672861538115863,0.8935153857446864,6734.738093982193,47.44360451385396,35.38222187990807
48,"г.Калуга, Гурьянова ул., 7",калуга,2.07898,,,,,1748.0,10063,2968,324698,0,0,1.0,423321,3.3904986522911047,"[54.565415, 36.242683, '00']",1.1638731876740245,1.1638731876740245,1.7353757247169297,6734.416388732979,53.50977172238435,40.026002392998635
49,"г.Ефремов, Тульское шоссе, 18 п.1-25",ефремов,2.5161576,0.9,,5.0,1.0,4221.0,10094,3248,42350,0,0,0.0,387679,3.1077586206896552,"[53.145316, 38.098252, '01']",0.4633081669406378,0.6789594070688589,1.2273881005874494,6712.8881094902945,0.8197340236366621,0.05615544552891714
50,"г.Ефремов, Ленина ул., 29",ефремов,1.689889,1.4,,8.0,1.0,5138.0,10089,3253,42350,0,0,0.0,387679,3.1014448201660008,"[53.146002, 38.117512, '01']",0.2288376484703046,0.2288376484703046,0.3327528033009564,6713.997208636759,0.08263385598472993,0.2381012128791783
51,"г.Обнинск, Ленина пр-т, 208",обнинск,2.7265675,1.1,,7.0,1.0,3764.0,10098,3135,104739,0,0,0.0,423321,3.2210526315789467,"[55.119842, 36.575895, '01']",0.4994040621429917,0.4994040621429917,1.0607688221274991,6798.95890742243,58.479646938445214,54.70056726289968
52,"г.Обнинск, Маркса пр-т, 65В",обнинск,2.138616,2.5,,11.0,1.0,6143.0,10056,2915,104739,0,0,0.0,423321,3.4497427101200686,"[55.120182, 36.598218, '01']",0.4947170654768833,0.4947170654768833,0.4812987440168835,6800.122824656684,57.39683467826447,53.58153905014533
57,"г.Балабаново, 50 лет Октября ул, 7",балабаново,2.3793726,1.2,,8.0,1.0,2701.0,10099,3410,26337,0,0,0.0,423321,2.96158357771261,"[55.178979, 36.660759, '01']",0.3729927872128713,0.3729927872128713,7.447837476031778,6808.3430938513675,58.94859526618845,54.86937092885025
60,"г.Калуга, Тульская ул., 20",калуга,1.3100209,2.1,,8.0,1.0,6326.0,9966,2821,324698,0,0,0.0,423321,3.5327897908543067,"[54.5098, 36.266812, '01']",0.3529516949244606,0.3529516949244606,0.2761169746299084,6730.881226659882,48.316912840892,33.67082054190071
61,"г.Калуга, Фридриха Энгельса ул, 89 п.2",калуга,1.9628323,1.0,,9.0,1.0,8088.0,9933,2662,324698,0,0,0.0,423321,3.731404958677686,"[54.508451, 36.279038, '01']",0.08304050203374011,0.08304050203374011,0.08304050203374011,6731.391681804542,47.605750202415294,33.40851723535166
62,"г.Обнинск, Маркса пр-кт, 30 Б",обнинск,1.9493371,2.0,,6.0,1.0,3390.0,10052,2976,104739,0,1,0.0,423321,3.377688172043011,"[55.112813, 36.595963, '01']",0.28440929467659537,0.5262209683132251,0.43009314626150896,6799.376324380094,56.99404764029567,53.20881273456004
63,"г.Тула, Советская ул, 72",тула,2.7738078,,,,,1072.0,10036,3090,482873,1,0,0.0,387679,3.2478964401294497,"[54.190652, 37.619064, '00']",0.4715498178094344,0.4715498178094344,0.22108597851117207,6774.2153954459545,0.9127071654129442,0.0504802867542054
64,"г.Тула, Болдина ул",тула,3.8876817,,,,,4456.0,10039,2974,482873,1,0,0.0,387679,3.375588433086752,"[54.177711, 37.574067, '00']",0.13367579230786047,0.7323847817437701,1.4578513395410548,6770.747404367853,2.9423720069434816,0.032031808777728835
65,"г.Калуга, Маршала Жукова ул, 20 п.1",калуга,2.5340996,0.7,,5.0,1.0,6784.0,9974,2847,324698,0,0,0.0,423321,3.5033368458025986,"[54.513966, 36.282424, '01']",0.24593267150509734,0.24593267150509734,0.2863483332138605,6732.03780969028,47.82274138161252,33.988567522504304
66,"г.Балабаново, Лесная ул., 6",балабаново,2.3530257,2.0,,8.0,1.0,3860.0,10096,3197,26337,0,0,0.0,423321,3.1579605880512984,"[55.179467, 36.654947, '01']",0.3729927872128713,0.3729927872128713,7.3570478487760225,6808.089452299567,59.241690772942036,55.1692531029015
67,"г.Калуга, Платова ул, 19",калуга,2.4508066,2.5,,10.0,1.0,6693.0,10007,2766,324698,0,0,0.0,423321,3.617859725234996,"[54.532876, 36.304972, '01']",0.6684760744624744,0.6684760744624744,0.35673270105205895,6734.813320994218,48.103423124132995,35.934977626956844
68,"г.Калуга, Николо-Козинская ул, 58",калуга,2.1897988,2.1,,10.0,0.0,6200.0,9929,2623,324698,0,1,0.0,423321,3.785360274494853,"[54.506397, 36.271842, '01']",0.25475871760631696,0.4412431998505985,0.042062677496215416,6730.8470785729905,47.827702801330005,33.247564796900676
74,"г.Калуга, Спартака ул, 5 п.2",калуга,2.1767888,1.6,,8.0,1.0,4901.0,10023,2892,324698,0,0,0.0,423321,3.465767634854772,"[54.492939, 36.210083, '01']",0.3455066408825233,0.3455066408825233,3.2804798477708843,6726.531704090708,50.173211901921384,32.625253136706704
75,"г.Тула, Металлургов ул, 43",тула,3.7085357,,,,,6036.0,9973,2829,482873,0,0,0.0,387679,3.525273948391658,"[54.188197, 37.691585, '00']",0.5928144407302722,1.83943876923902,0.4564008725048862,6777.850874338482,5.519150807344612,0.13060212411197952
76,"г.Тула, Металлургов 2-й пр-д, 3А",тула,3.881183,,,,,6122.0,9984,2767,482873,0,0,0.0,387679,3.608239971087821,"[54.191573, 37.682152, '00']",0.6570523168200268,1.3889667774092829,0.4134108041037105,6777.634094185583,4.865299168611796,0.2649288762255092
77,"г.Обнинск, Ленина пр-кт, 146",обнинск,2.1586576,1.1,,5.0,1.0,5640.0,10053,2850,104739,0,0,0.0,423321,3.5273684210526315,"[55.115038, 36.587223, '01']",0.3813210296356375,0.3813210296356375,0.2900941608838519,6799.122725624605,57.58324189465273,53.80377206594003
78,"г.Калуга, Тарутинская ул., 184 Б",калуга,2.3526216,0.3,,2.0,1.0,2573.0,10053,2987,324698,0,0,0.0,423321,3.365584198192166,"[54.569747, 36.308305, '01']",0.4858640006668869,0.4858640006668869,3.7737525597970767,6738.144177843875,50.81432067477103,40.009799873135854
79,"г.Калуга, Дорожная ул., 6",калуга,2.2577946,1.8,,7.0,1.0,3086.0,10060,2945,324698,0,0,0.0,423321,3.4159592529711373,"[54.599805, 36.266066, '01']",0.3976464958578508,0.3976464958578508,2.4084774245610885,6738.5617458173365,55.11095244800303,43.590741441345244
80,"г.Калуга, Ленина ул., 70",калуга,1.3500917,1.9,,10.0,0.0,6045.0,9973,2782,324698,0,0,0.0,423321,3.5848310567936736,"[54.516793, 36.265069, '01']",0.5186388658479356,0.5186388658479356,0.36145269488900295,6731.391512981545,48.88975833209565,34.45644491755187
81,"г.Обнинск, Гагарина ул., 30",обнинск,2.5136106,2.2,,11.0,1.0,5225.0,10023,2881,104739,0,0,0.0,423321,3.479000347101701,"[55.120084, 36.590142, '01']",0.25041592209143543,0.25041592209143543,0.40236016792578266,6799.703831621373,57.788599198783245,53.98637043339683
82,"п.Заокский, Поленова ул.",заокский,1.7440705,,,,,354.0,10100,3238,7117,0,0,0.0,387679,3.1192093885114267,"[54.737658, 37.396524, '00']",14.071582148206035,14.071582148206035,31.02925377909061,6808.628516629926,0.2199645492354018,0.3766178033666198
83,"рп.Плеханово, Заводская ул., 14А",плеханово,2.1290607,,,,,2071.0,10099,3187,9171,0,0,0.0,387679,3.168810793850016,"[54.24424, 37.56353, '00']",2.888916410236101,4.0627915055973975,5.256359417498834,6775.781030134362,5.671982466341031,0.1036003256421368
86,"г.Новомосковск, Октябрьская ул., 11/14",новомосковск,2.7458472,0.6,,6.0,1.0,4235.0,10037,2957,131386,0,0,0.0,387679,3.3943185661143054,"[54.00694, 38.291102, '01']",0.3088475678192371,0.3088475678192371,0.7339547483131718,6794.7423804247555,2.450014511002661,1.017011949932435
88,"г.Щекино, Ленина ул., 53",щёкино,1.861257,,,,,3938.0,10087,3091,58139,0,0,0.0,387679,3.263345195729537,"[54.013829, 37.517832, '00']",0.453335031953207,1.013737553136196,0.5041553469076591,6754.005603079185,0.08714544409865385,0.1441320772969183
89,"г.Узловая, Гагарина ул, стр.87",узловая,2.0007696,,,,,4310.0,10031,2965,55282,1,0,0.0,387679,3.3831365935919058,"[53.978583, 38.151863, '00']",0.5348382376354814,1.1663131252873002,0.5250661089651343,6784.899975614467,0.021337574259027683,0.5174872611112248
90,"г.Донской, Октябрьская ул., 78/15",донской,1.6615869,,,,,3611.0,10081,3110,64552,0,0,0.0,387679,3.2414790996784566,"[53.967425, 38.308485, '00']",0.8055032449706996,1.1368181234416008,0.7733663166747664,6792.39743119482,0.06745737844654708,0.5589168815187334
91,"г.Калуга, Гурьянова ул., 69",калуга,2.5109537,2.5,,12.0,1.0,2957.0,10074,2962,324698,0,0,0.0,423321,3.4010803511141114,"[54.568474, 36.225417, '01']",0.0998994650664298,0.0998994650664298,2.0188272865990213,6733.7964949891675,54.56334134612182,40.563892702638825
92,"г.Тула, Кутузова ул, 102",тула,3.8686876,,,,,4928.0,10001,2827,482873,0,0,0.0,387679,3.5376724442872303,"[54.193528, 37.691683, '00']",0.5928144407302722,1.2856836466765478,0.2690537641159551,6778.303215075273,5.470360424094834,0.07846776948637499
94,"г.Тула, Демидовская ул., 68",тула,3.6371782,,,,,6227.0,9933,2682,482873,1,0,0.0,387679,3.7035794183445185,"[54.214841, 37.619692, '00']",0.2738348031780975,0.2738348031780975,2.0404151854832624,6776.279742619093,1.8091237382437344,0.17138952306398633
95,"г.Калуга, Постовалова ул, 12",калуга,2.230332,2.3,,9.0,1.0,3749.0,10018,2870,324698,0,0,0.0,423321,3.4905923344947736,"[54.508869, 36.294803, '01']",0.7410714730234461,0.7410714730234461,1.0020406651707394,6732.235065940145,46.845618480414025,33.334837830826395
96,"г.Обнинск, Курчатова ул, 56",обнинск,2.1723514,,,,,5063.0,9982,2728,104739,0,0,0.0,423321,3.6590909090909087,"[55.11874, 36.622284, '00']",0.4697333029030056,0.4697333029030056,0.5764324071941799,6801.223143829972,56.11679845610024,52.268220476714795
98,"г.Венев, Бундурина ул., 7",венёв,2.0432067,,,,,1045.0,10099,3102,15224,1,0,0.0,387679,3.255641521598968,"[54.350778, 38.261593, '00']",0.4430171450516657,30.35542243158525,36.133763379907656,6821.764229952341,24.729406340610037,0.13960530900072154
101,"г.Новомосковск, Дружбы-Мира, 1/24",новомосковск,2.3228965,1.1,,7.0,1.0,3682.0,10016,2940,131386,0,0,0.0,387679,3.4068027210884355,"[54.010993, 38.290896, '01']",0.3504300593013981,0.3504300593013981,0.30749526683596884,6795.0679142145345,2.871698937562748,0.5897401667097111
102,"г.Алексин, 50 лет Октября ул., 5",алексин,2.5122437,1.3,,8.0,1.0,3996.0,10058,3028,61732,0,0,0.0,387679,3.321664464993395,"[54.522484, 37.078377, '01']",0.13815540595662087,1.8123918843503728,1.2322616895740597,6773.846004575907,17.393418707229333,0.23706148147309786
103,"г.Алексин, Арматурная ул., 10/16",алексин,2.0260038,1.1,,9.0,1.0,3579.0,10074,3009,61732,0,0,0.0,387679,3.3479561316051845,"[54.520383, 37.04504, '01']",0.5997253652452809,2.0302015464273637,3.109334388201388,6771.934432289026,19.34625591337953,0.4663330668562692
104,"г.Тула, Большая ул, 8А",тула,2.109604,,,,,1335.0,10069,2918,482873,0,0,0.0,387679,3.4506511309115835,"[54.24806, 37.607511, '00']",1.8189355435690957,1.8189355435690957,5.375990667751927,6778.425820429203,5.321678798285669,0.1930956102443918
105,"г.Тула, Городской пер., 54",тула,1.9636022,,,,,2191.0,10051,2908,482873,0,0,0.0,387679,3.456327372764787,"[54.15736, 37.607646, '00']",1.4567837624116766,1.4567837624116766,1.5500955785451749,6770.815783756011,4.233079702956031,0.4513906063988245
106,"г.Калуга, Энтузиастов б-р, 2 Б",калуга,2.659353,1.1,,4.0,1.0,2322.0,10053,2896,324698,0,0,0.0,423321,3.471339779005525,"[54.569831, 36.271375, '01']",0.1530303532869189,0.1530303532869189,1.8922230985876836,6736.26211562841,52.500369688702484,40.24094335573553
107,"г.Калуга, Азаровская ул, 24",калуга,1.9952644,1.3,,7.0,1.0,1526.0,10003,2859,324698,0,0,0.0,423321,3.4987757957327736,"[54.564439, 36.261467, '01']",0.7381109537740033,0.7381109537740033,1.9798424206505658,6735.292997357491,52.54773817998112,39.730677275359824
108,"г.Богородицк, Урицкого ул., 25",богородицк,2.0152469,1.1,,7.0,1.0,3534.0,10090,3051,31897,0,0,0.0,387679,3.30711242215667,"[53.772477, 38.126315, '01']",0.4273990167166757,0.4273990167166757,0.2734358700145759,6766.3896970680225,0.0618609109067076,0.8239284970373209
109,"г.Калуга, Московская ул., 231",калуга,1.7749312,0.5,,3.0,0.0,2415.0,10019,2828,324698,0,0,0.0,423321,3.542786421499293,"[54.536956, 36.270423, '01']",0.5596185721735744,0.5596185721735744,0.3787537879417554,6733.394305996621,50.06708326488245,36.6241462538309
111,"г.Тула, Калужское ш., 1",тула,3.5738666,,,,,4286.0,9969,2764,482873,1,0,0.0,387679,3.6067293777134593,"[54.155841, 37.582287, '00']",0.1901242456103061,0.25369227945637474,0.06742056105609802,6769.345507985338,4.701417618356057,0.1948255716524716
112,"г.Тула, Пушкина ул., 9",тула,2.244074,,,,,3462.0,10005,2820,482873,0,0,0.0,387679,3.5478723404255317,"[54.118326, 37.547621, '00']",2.8352003257481195,3.665176727661537,3.4663894813509697,6764.3594544343005,5.242780000091392,0.21458005082026171
114,"г.Донской, Центральный мкр, Заводская ул., 9 А",донской,1.5802319,0.2,,3.0,,2523.0,10040,3028,64552,1,0,0.0,387679,3.3157199471598413,"[53.966879, 38.32584, '01']",0.4728468803165534,0.8894381331034311,0.3897723636761812,6793.287238746662,0.1486079908398052,0.5693455686444392
115,"г.Донской, Новая ул., 64",донской,2.0140467,,,,,2089.0,9992,2842,64552,0,0,1.0,387679,3.5158339197748063,"[53.970423, 38.319696, '00']",0.5628424252240446,0.5628424252240446,0.26108255563613314,6793.250277509882,0.25844951997750243,0.3879889601102287
124,"г.Калуга, Болотникова ул, 21",калуга,1.934742,1.2,,4.0,1.0,3595.0,9970,2763,324698,0,0,0.0,423321,3.608396670285921,"[54.51984, 36.287554, '01']",0.28888446856305483,0.28888446856305483,0.3403654295397899,6732.804010825438,47.98751266937553,34.59798282116031
125,"г.Обнинск, Маркса пр-кт, 114",обнинск,2.1512394,2.3,,12.0,1.0,3870.0,9970,2794,104739,1,0,0.0,423321,3.5683607730851827,"[55.124418, 36.614675, '01']",0.6532042132600867,0.6532042132600867,0.7502885647590642,6801.322850863776,56.893925560163275,53.037988557885406
126,"г.Новомосковск, Школьная ул, 21А",новомосковск,1.9809663,1.1,,6.0,1.0,3295.0,10016,2871,131386,0,0,0.0,387679,3.4886799024730064,"[54.007591, 38.260802, '01']",0.5908435315768621,1.1122483679915112,1.9022004906650067,6793.166476377816,2.419915792551957,0.8993432934671842
127,"г.Узловая, Беклемищева ул., 34",узловая,1.8639584,,,,,3343.0,10036,2929,55282,0,0,0.0,387679,3.426425401160805,"[53.982242, 38.157172, '00']",0.3946728931066079,1.2429177745782818,0.33776724849294604,6785.4895117370115,0.05320327425544948,0.41793610145571386
128,"г.Щекино, Энергетиков ул., 13",щёкино,1.736708,,,,,3076.0,10031,2843,58139,1,0,0.0,387679,3.528315160042209,"[54.010512, 37.521866, '00']",0.453335031953207,1.4513318738772598,0.5464687408331121,6753.941096406748,0.08946980623636895,0.15489739901328065
129,"г.Калуга, д.Шопино",калуга,1.3679619,,,,,680.0,10020,2859,324698,0,0,0.0,423321,3.504721930745016,"[54.494664, 36.158619, '00']",1.363436826842758,1.363436826842758,6.047708539425348,6724.048023861518,53.065420123756525,33.86643383731796
131,"г.Калуга, Дорожная ул, 34",калуга,2.0766587,0.7999999999999999,,6.0,0.0,1794.0,9991,2774,324698,0,0,0.0,423321,3.601658255227109,"[54.596645, 36.271375, '01']",0.490324652306679,0.490324652306679,2.304139624972565,6738.561980199119,54.62065001641414,43.20152319378647
132,"г.Калуга, Гурьянова ул, 28 А",калуга,2.2229948,0.6,,4.0,0.0,2654.0,9999,2766,324698,0,0,0.0,423321,3.6149674620390457,"[54.569283, 36.224743, '01']",0.0998994650664298,0.0998994650664298,1.9931689789243088,6733.831482433679,54.65575334028699,40.6606145880075
133,"г.Людиново, Маяковского ул., 3",людиново,1.7727684,2.6,,12.0,1.0,3620.0,10024,2969,40530,0,0,0.0,423321,3.3762209498147526,"[53.859918, 34.443294, '01']",0.2958910999907288,0.2958910999907288,135.74747477919678,6582.308093531276,91.47756760224787,69.4965553159141
134,"г.Калуга, Тарутинская ул, 225",калуга,2.247923,2.4,,13.0,1.0,2946.0,9996,2736,324698,0,0,0.0,423321,3.653508771929825,"[54.573918, 36.310551, '01']",0.4858640006668869,0.4858640006668869,4.05649934848498,6738.616657494442,51.04981670144566,40.46385019813878
135,"г.Калуга, Московская ул, 251",калуга,1.6783738,1.0,,9.0,1.0,492.0,10005,2963,324698,0,0,0.0,423321,3.3766452919338508,"[54.551763, 36.26815, '01']",1.4739057222016445,1.4739057222016445,2.0317227912993485,6734.5476812959605,51.27351108893274,38.27528744119922
136,"г.Тула, Одоевское ш, 17А",тула,1.9700743,,,,,2487.0,9990,2811,482873,0,0,0.0,387679,3.5538954108858056,"[54.195113, 37.558095, '00']",1.1835060151179269,1.4091440168842095,1.568114370916701,6771.364817187716,3.2241571560648232,0.057586539254810123
137,"г.Тула, Скуратовский мкр, 7",тула,2.1228285,,,,,1909.0,10035,2804,482873,0,0,0.0,387679,3.578815977175464,"[54.098563, 37.58809, '00']",0.6623700385617445,5.615838701271181,5.3771033698824215,6764.844028946216,4.811141264790041,0.13936032493345812
138,"г.Новомосковск, Бережного ул, 3",новомосковск,1.3950088,0.5,,4.0,0.0,2369.0,9932,2743,131386,0,0,1.0,387679,3.620853080568721,"[54.014808, 38.280861, '01']",0.399727408600402,0.399727408600402,0.3704961090624052,6794.84493619898,3.5314135261530284,0.37176847639828375
139,"г.Новомосковск, мкр.Сокольники, Шахтерская ул, 4",новомосковск,1.5375804,0.7999999999999999,,4.0,0.0,2330.0,10092,3032,500,0,0,0.0,387679,3.3284960422163588,"[54.063347, 38.474853, '01']",7.826583103064935,9.678424489627462,12.616893871215641,6809.320277469363,5.60862394068641,0.1435595984302183
141,"г.Обнинск, Пирогова ул, 18А",обнинск,1.9154749,1.1,,6.0,1.0,1972.0,10058,2873,104739,0,0,0.0,423321,3.5008701705534286,"[55.091438, 36.602647, '01']",0.51597409850952,0.51597409850952,0.7487709719142583,6797.883813171907,55.204032429313365,51.490443557682354
142,"г.Щекино, Пионерская ул, 22",щёкино,1.768426,,,,,2239.0,10069,2993,58139,0,0,0.0,387679,3.3641830938857336,"[53.998542, 37.519854, '00']",0.4941503169449496,2.48773451699598,1.1285734697571927,6752.829495862426,0.07719937838797994,0.6758794636119511
143,"г.Алексин, Ленина ул., 26",алексин,1.9445474,0.9,,6.0,1.0,2669.0,10073,3011,61732,0,0,0.0,387679,3.3454001992693456,"[54.496563, 37.067211, '01']",0.4065646474024767,0.5946476015114024,2.601723370197805,6771.0669242112535,17.295339881433875,0.7237641418935669
144,"г.Щекино, Лукашина ул., 6",щёкино,2.6183343,,,,,4226.0,9979,2865,58139,1,0,0.0,387679,3.4830715532286214,"[54.018358, 37.506487, '00']",0.12251371896855692,0.12251371896855692,1.0311107007584297,6753.784265103514,0.05758487993507683,0.11583710173222138
145,"г.Алексин, Героев Алексинцев ул., 5",алексин,1.8214839,,,,,3394.0,9997,2900,61732,0,0,0.0,387679,3.447241379310345,"[54.50418, 37.065019, '00']",0.3981056352353247,0.3981056352353247,2.124306175162721,6771.598860080362,17.614402032405362,0.18442178198088768
146,"г.Киреевск, Чехова ул., 10",киреевск,2.4136724,,,,,5468.0,10027,2877,25557,0,0,0.0,387679,3.4852276677094194,"[53.923933, 37.93351, '00']",0.2956663257643893,0.2956663257643893,16.042996777886597,6768.636927510273,0.010475098404833004,1.3725036401955713
150,"г.Балабаново, Боровская ул., 56",балабаново,2.6269014,,,,,1424.0,10099,2970,26337,0,0,0.0,423321,3.4003367003367004,"[55.184012, 36.648829, '00']",0.6374064933644087,0.6374064933644087,7.708467717075451,6808.168088133463,59.87565970948861,55.800960627391504
151,"г.Белоусово, Московская ул., 82",белоусово,2.2763772,,,,,1379.0,10097,2962,8412,0,0,0.0,423321,3.4088453747467926,"[55.092891, 36.664702, '00']",0.545600683367101,0.545600683367101,2.9385013434229816,6801.167677254574,52.20298577665932,48.3778140207736
153,"г.Новомосковск, Донской пр-д, 3",новомосковск,2.3277848,0.7999999999999999,,5.0,1.0,4086.0,9929,2654,131386,1,0,0.0,387679,3.741145440844009,"[54.032083, 38.274133, '01']",0.3995398456553263,0.3995398456553263,1.1680094705715205,6795.91832644078,4.003725697141598,0.3740078247046171
154,"г.Новомосковск, Мира ул, 22А",новомосковск,1.7717348,0.7999999999999999,,4.0,1.0,3478.0,9972,2783,131386,1,0,0.0,387679,3.5831836148041676,"[54.019257, 38.265428, '01']",0.5377317726620839,0.5377317726620839,0.8179806682613697,6794.384564415846,2.886810209112676,0.6918535822366548
155,"г.Алексин, 50 лет Октября ул, 8 кв.1-9,11-",алексин,2.964853,,,,,5046.0,9935,2760,61732,0,0,0.0,387679,3.5996376811594204,"[54.523529, 37.079535, '00']",0.13815540595662087,0.13815540595662087,1.2648461757262288,6773.994855666615,17.36544528799109,0.10323740987131252
156,"г.Калуга, Хрустальная ул, 60А пом.1",калуга,1.6023229,0.7999999999999999,,5.0,1.0,2748.0,9959,2777,324698,0,0,0.0,423321,3.586244148361541,"[54.521496, 36.30799, '01']",0.5280374506989751,0.5280374506989751,1.5025878004717854,6733.992707564141,47.11157445764476,34.65851043668304
157,"г.Кременки, Победы ул., 2",кремёнки,1.626385,1.3,,7.0,1.0,3038.0,10060,2892,11582,0,0,0.0,423321,3.4785615491009683,"[54.887963, 37.120777, '01']",0.6803024840943921,0.6803024840943921,39.48533456338318,6807.07354953882,15.307951163117973,11.434574096865859
158,"г.Людиново, 20 лет Октября ул., 69А стр.1",людиново,1.3816359,,,,,3546.0,10014,2846,40530,0,0,0.0,423321,3.518622628250176,"[53.838363, 34.405565, '00']",3.3730737948905514,3.4452218526489187,139.09993143749213,6578.536543512103,93.55739006441259,66.9221825145614
160,"г.Калуга, Сиреневый б-р, 14 п.магазин",калуга,1.885131,2.4,,9.0,1.0,3848.0,9959,2669,324698,0,0,0.0,423321,3.731360059947546,"[54.495653, 36.207478, '01']",0.3455066408825233,0.3455066408825233,3.2076699157102637,6726.631249712256,50.48151722411554,32.96164545831632
161,"г.Калуга, Энтузиастов б-р, 1",калуга,2.530711,0.7999999999999999,,5.0,1.0,3105.0,9939,2650,324698,0,0,0.0,423321,3.7505660377358483,"[54.568568, 36.270432, '01']",0.1530303532869189,0.1530303532869189,1.9399630286708145,6736.105573184682,52.44625228936275,40.1091044378253
162,"г.Тула, Московская ул, 34",тула,2.5429173,,,,,3514.0,9917,2479,482873,0,1,0.0,387679,4.00040338846309,"[54.176963, 37.572459, '00']",0.13367579230786047,0.5987267694841596,1.5471293185351072,6770.59950030878,3.075799457987097,0.11215944257386534
163,"г.Новомосковск, Мира ул, 10А",новомосковск,1.6854212,0.7999999999999999,,6.0,1.0,2150.0,9928,2622,131386,0,0,1.0,387679,3.786422578184592,"[54.015644, 38.270899, '01']",0.5377317726620839,0.5377317726620839,0.9978808487008316,6794.378577118961,3.151323977431782,0.5525296011725109
164,"г.Новомосковск, Вахрушева ул, 63А",новомосковск,1.7271782,,,,,2360.0,9945,2635,131386,0,0,1.0,387679,3.7741935483870965,"[54.007088, 38.269803, '00']",0.5908435315768621,0.5908435315768621,1.4031379678918314,6793.608798119328,3.0107052967965178,0.4817822783846838
165,"г.Обнинск, Привокзальная ул., 1",обнинск,1.6490196,,,,,2494.0,9973,2796,104739,1,0,0.0,423321,3.5668812589413452,"[55.050994, 36.556428, '00']",1.180776019906082,4.88697518711586,6.099592489254611,6792.064708746449,55.12300170808011,51.66948474294946
166,"г.Щекино, Льва Толстого ул., 25",щёкино,1.9206264,,,,,2167.0,10039,2957,58139,0,0,0.0,387679,3.3949949272911737,"[54.005014, 37.512667, '00']",0.4216472720542318,1.6509871914238472,0.3025788373895373,6752.991558569754,0.039443628238701456,0.32881954429269583
167,"рп.Первомайск, Улитина пр-кт, 11",первомайский,1.5731798,,,,,1731.0,10064,3015,10058,0,0,0.0,387679,3.3379767827529023,"[54.037297, 37.505579, '00']",1.5570259908516093,1.5570259908516093,3.0726957546720874,6755.326654269317,0.031235591754947237,0.05554288977237685
169,"г.Суворов, Кирова ул, 5",суворов,1.3847511,,,,,3170.0,10022,2920,18973,0,0,0.0,387679,3.4321917808219182,"[54.122067, 36.501353, '00']",0.458239682784872,0.5370900053485943,41.59513860499956,6709.8317055358275,9.355496732130208,0.4002948054212267
170,"г.Плавск, Коммунаров ул., 72 А",плавск,1.0754735,,,,,1747.0,10080,3013,16165,0,0,0.0,387679,3.3455028211085294,"[53.702745, 37.286624, '00']",0.4927891683518214,0.4927891683518214,37.00853493732422,6715.600803869601,0.019538197209471298,0.10707788833679284
171,"г.Венев, Южный мкр, 45",венёв,1.1574903,,,,,1672.0,10085,3008,15224,0,0,0.0,387679,3.3527260638297878,"[54.346695, 38.247202, '00']",1.037312428393721,29.836254633720568,35.68893821517696,6820.655854525759,23.692219502322573,0.7165980590201741
172,"г.Белев, Рабочая ул., 98А",белёв,1.4621315,,,,,1907.0,10093,2971,13918,0,0,0.0,387679,3.3971726691349717,"[53.818541, 36.145925, '00']",1.3924960291144417,28.965870259263525,72.41750938124645,6665.4977360747935,19.0632899767787,0.17496330548683714
173,"г.Белоусово, Гурьянова ул, 20/1",белоусово,2.0364037,0.7999999999999999,,6.0,1.0,2648.0,10063,2964,8412,0,0,0.0,423321,3.3950742240215925,"[55.088146, 36.662519, '01']",0.3487492569814632,0.3487492569814632,2.9072547462362284,6800.6500533526205,51.97548929496798,48.172631385529684
174,"г.Малоярославец, Российских Газовиков ул, 9",малоярославец,2.4700766,1.7,,6.0,1.0,1191.0,10074,2932,30392,0,0,0.0,423321,3.4358799454297406,"[55.001148, 36.455862, '01']",0.66252704126052,0.6976571288183638,1.0873806401972068,6782.673879091858,58.29353433738458,55.26290213286583
175,"с.Детчино, Московская ул, 2В",детчино,2.000903,,,,,794.0,10098,2928,5010,0,0,0.0,423321,3.4487704918032787,"[54.810066, 36.310802, '00']",1.0490555399543138,22.628752838488932,24.181665323726996,6758.890067701801,61.94365340385986,53.056941912124344
177,"г.Балабаново, Московская ул., 21В",балабаново,1.7358314,,,,,833.0,10097,2920,26337,0,0,0.0,423321,3.4578767123287677,"[55.183354, 36.676964, '00']",1.1380771674896402,1.1380771674896402,8.342150134158986,6809.542015620145,58.60689525319404,54.49597224693414
178,"с.Льва Толстого, Пушкина ул, 38",льва толстого,1.3469338,,,,,1078.0,10064,2902,3681,0,0,0.0,423321,3.467953135768436,"[54.609104, 36.041011, '00']",1.4676452023283684,8.50625622748931,13.748127284789591,6727.887626349271,66.5881106575023,48.41723305938113
179,"г.Малоярославец, Московская ул., 66",малоярославец,2.091383,1.2,,5.0,1.0,1534.0,10092,2867,30392,0,0,0.0,423321,3.5200558074642485,"[55.015635, 36.486198, '01']",1.0350555742481289,1.0772909119352356,1.2239211308911864,6785.459478933257,57.19533799266368,54.03919636809132
180,"п.Жилетово, б/у, 6А пом.7",жилетово,1.3318019,,,,,1341.0,9965,2719,3090,0,0,1.0,423321,3.66495034939316,"[54.692859, 36.022093, '00']",1.9663643099980357,13.443418235743275,19.193173937735573,6734.136853569989,73.55556742163523,57.5946819731038
182,"г.Новомосковск, Маяковского ул, 18",новомосковск,2.0846972,0.7,,4.0,1.0,3134.0,9977,2743,131386,0,0,0.0,387679,3.637258476121035,"[54.004199, 38.291866, '01']",0.3088475678192371,0.3088475678192371,1.0421646763942063,6794.555849604253,2.1530632978432678,1.1467811195726345
183,"г.Новомосковск, Трудовой проезд, 2Б",новомосковск,2.9618185,0.3,,2.0,1.0,5279.0,9914,2464,131386,0,0,0.0,387679,4.023538961038962,"[54.033252, 38.279918, '01']",0.15799320598216565,0.15799320598216565,1.5535516955444282,6796.326492479277,4.392259974731624,0.09080889408609943
184,"г.Обнинск, Гагарина ул, 52 п374,п375",обнинск,1.9418919,1.5,,5.0,1.0,3190.0,9958,2651,104739,0,0,0.0,423321,3.7563183704262544,"[55.120187, 36.586208, '01']",0.17984171847088362,0.17984171847088362,0.5752648376053269,6799.512680851137,57.990633547503634,54.19421152892997
185,"г.Новомосковск, Комсомольская/Октябрьская ул, 34/25",новомосковск,1.620092,2.1,,16.0,1.0,3656.0,9936,2725,131386,0,0,0.0,387679,3.646238532110092,"[54.017834, 38.292135, '01']",0.4383617127267415,0.4383617127267415,0.3945972935511439,6795.702769159632,3.5709170240698658,0.27885581993811714
186,"г.Новомосковск, Трудовой проезд, 9Г",новомосковск,2.3856835,0.2,,1.0,,3789.0,9970,2746,131386,0,0,0.0,387679,3.6307356154406407,"[54.034516, 38.278813, '01']",0.15799320598216565,0.15799320598216565,1.575061027737945,6796.372099203128,4.407922831086567,0.2404848037088337
187,"г.Узловая, Трегубова ул., 33",узловая,2.0336468,,,,,3124.0,9981,2821,55282,0,0,0.0,387679,3.5381070542360864,"[53.981009, 38.162832, '00']",0.3946728931066079,0.9791940292947764,0.25788334426265824,6785.690945178985,0.021224055829742083,0.2854222094670285
188,"г.Суворов, Тульская ул., 13",суворов,1.4767447,1.1,,6.0,1.0,3684.0,10034,2875,18973,0,0,0.0,387679,3.490086956521739,"[54.117476, 36.50809, '01']",0.5738476171314614,0.5738476171314614,42.236177573893706,6709.790152187261,8.691128841686236,0.27396396938897577
189,"г.Богородицк, Пушкинская ул., 14",богородицк,1.9781114,0.7,,5.0,1.0,3250.0,9995,2873,31897,0,0,0.0,387679,3.4789418726070314,"[53.769433, 38.130286, '01']",0.4273990167166757,0.4273990167166757,0.28909576696584033,6766.35094560323,0.08514818646720182,0.42323280479171776
190,"г.Киреевск, Гагарина ул., 10",киреевск,2.2778335,1.5,,7.0,1.0,4692.0,10002,2786,25557,0,0,0.0,387679,3.590093323761665,"[53.926563, 37.934175, '01']",0.2956663257643893,1.474026218114267,15.89161029734072,6768.891917180627,0.12533329151055791,1.1257858853579543
191,"г.Суворов, Ленинского Юбилея ул, 2Б",суворов,1.5167047,0.5,,4.0,0.0,3032.0,10010,2868,18973,0,0,0.0,387679,3.4902370990237097,"[54.122437, 36.510516, '01']",0.5738476171314614,0.5738476171314614,41.79183074395444,6710.338714544157,9.092374099260073,0.15007177158346915
194,"г.Калуга, Ромодановские Дворики ул, 59",калуга,1.4889269,0.3,,3.0,1.0,420.0,10019,2753,324698,0,0,0.0,423321,3.6393025790047218,"[54.486935, 36.244794, '01']",1.768156339431303,1.768156339431303,2.2935228099953275,6727.793491130013,47.94576117657088,31.432294757216013
195,"г.Тула, Серебровская ул., 16 В",тула,1.6589541,,,,,1464.0,9981,2742,482873,0,0,0.0,387679,3.6400437636761485,"[54.184018, 37.568057, '00']",0.5649802792208288,1.1785568219910103,1.1968971242903126,6770.959342271223,2.871778777176789,0.3372874083958774
196,"г.Калуга, 40-летия Октября ул, 3",калуга,1.1183825,,,,,768.0,9960,2694,324698,0,0,0.0,423321,3.6971046770601337,"[54.515999, 36.316417, '00']",0.8181876815921826,0.8181876815921826,1.6781120188279643,6733.953501527962,46.29922084764664,34.012446919798826
197,"г.Калуга, В.Никитиной ул, 37А",калуга,1.6457746,0.4,,2.0,0.0,1885.0,9927,2602,324698,0,0,0.0,423321,3.815142198308993,"[54.548901, 36.298262, '01']",0.37429263638705534,0.37429263638705534,1.5648918765273845,6735.843238253283,49.63705715455783,37.745984811609226
198,"г.Калуга, Салтыкова-Щедрина ул, 74",калуга,1.4530284,,,,,2185.0,9924,2569,324698,0,0,0.0,423321,3.8629817049435577,"[54.498858, 36.281813, '00']",1.0328468794207588,1.0328468794207588,1.0168163502219896,6730.711618662821,46.8042858688257,32.32749303307962
199,"г.Тула, Стадионный пр-д, 1",тула,1.6925986,,,,,845.0,10004,2750,482873,0,0,0.0,387679,3.6378181818181816,"[54.103858, 37.583436, '00']",0.6623700385617445,4.983396834999743,4.744259997149562,6765.04180281226,4.968005429450466,0.4087433345818975
200,"г.Тула, Бондаренко ул, 35А",тула,2.3827167,,,,,3166.0,9929,2560,482873,0,0,0.0,387679,3.878515625,"[54.214767, 37.693004, '00']",0.7138902080572962,0.7138902080572962,0.93268539693526,6780.154845034673,5.7881312530884514,0.18651489561546608
201,"г.Тула, Ленина пр-кт, 138 п295,п296",тула,2.3906875,,,,,4008.0,9916,2473,482873,0,0,0.0,387679,4.009704811969268,"[54.169895, 37.592231, '00']",0.5074762605850626,0.5074762605850626,0.6654768871839077,6771.052120356623,3.0114266162525936,0.047167474342534786
202,"г.Тула, Немцова ул, 12",тула,3.5477805,,,,,4642.0,9917,2458,482873,0,0,0.0,387679,4.034580960130187,"[54.205858, 37.667204, '00']",0.7768900686205035,1.0760467906337006,1.3651258024331532,6778.040694856081,3.9301449805450535,0.2863738277759789
203,"г.Щекино, Ленина ул., 20",щёкино,1.7305077,,,,,2368.0,9998,2898,58139,0,0,0.0,387679,3.4499654934437545,"[54.002844, 37.517958, '00']",0.4216472720542318,1.9994518473500955,0.6491469452042773,6753.090048905289,0.05263171060019939,0.18286444523742595
204,"г.Обнинск, Киевское ш, 30",обнинск,1.3360482,,,,,281.0,10015,2836,104739,0,0,0.0,423321,3.5313822284908323,"[55.10804, 36.643305, '00']",1.5886045932278894,1.5886045932278894,2.0770838965298903,6801.375853316628,54.32774927734561,50.48265048315889
206,"г.Узловая, Суворова ул., 6",узловая,1.8406609,,,,,2548.0,10044,2899,55282,0,0,0.0,387679,3.464642980338048,"[53.966276, 38.164179, '00']",0.7002970099302177,0.7002970099302177,0.9210087791947836,6784.537843116125,0.04801727803810933,0.6099274754256025
207,"г.Донской, Центральный мкр, Октябрьская ул, 115",донской,1.3021641,,,,,1370.0,10063,2841,64552,0,0,0.0,387679,3.5420626539950724,"[53.964332, 38.290249, '00']",1.2414495161907222,2.3452675759305053,2.006792676772327,6791.1583657109595,0.10550363682819214,0.0745517403022161
208,"г.Богородицк, Заводской проезд, 6 А",богородицк,1.6046944,0.3,,2.0,1.0,1953.0,10079,2964,31897,0,0,0.0,387679,3.4004723346828616,"[53.772509, 38.108331, '01']",0.9134781342058064,1.1818315514134654,1.4492806382893662,6765.4227757780345,0.030966256100136407,0.9349914111223367
209,"г.Донской, Ленина ул., 1 В",новоугольный,1.7146723,0.2,,2.0,,2033.0,10039,2979,500,0,0,0.0,387679,3.3699227928835183,"[53.970878, 38.337617, '01']",0.4166205264025845,0.8894381331034311,1.1770378491303994,6794.253783065289,0.1614122312857639,1.396876294626694
210,"г.Болохово, Соловцова ул., 13 В",болохово,1.4721701,0.6,,5.0,0.0,2760.0,10076,2908,9622,0,0,0.0,387679,3.4649243466299864,"[54.081854, 37.830635, '01']",9.242046605797551,16.628131848396546,15.343629245978489,6776.332766274522,0.07219460849768485,0.14198502635870075
211,"п.Грицовский, Первомайская ул., 21",грицовский,1.4392993,,,,,2948.0,10032,2959,6192,0,0,0.0,387679,3.3903345724907057,"[54.137552, 38.161996, '00']",7.601128974825354,7.601128974825354,13.965485523647782,6798.676584795062,11.725872545087062,0.30883901467013897
212,"г.Жуков, Гурьянова ул., 7",жуков,1.4775566,,,,,420.0,10095,2967,12131,0,0,0.0,423321,3.4024266936299288,"[55.031742, 36.748389, '00']",2.5429220385460773,8.321083912396151,10.894976119711849,6800.203995676214,43.79742311122224,40.08314289730135
213,"г.Сухиничи, Пушкина ул., стр.2",сухиничи,1.2982553,,,,,570.0,10088,2963,16273,0,0,0.0,423321,3.404657441781978,"[54.101799, 35.340792, '00']",0.4376381992402649,32.47593551072285,71.76302629735085,6648.552779398274,53.08717649741562,50.43063690937103
214,"г.Жиздра, Сосунова ул., 1",жиздра,1.5988442,,,,,216.0,10094,2936,5585,0,0,0.0,423321,3.438010899182561,"[53.746676, 34.733289, '00']",22.829776023939065,22.829776023939065,127.3625302493188,6587.0075602977895,71.16662295625481,62.091681964229544
215,"г.Ермолино, Солнечная ул, 1А",ермолино,1.3882967,,,,,569.0,10087,2921,10409,0,0,0.0,423321,3.4532694282779866,"[55.217896, 36.565322, '00']",3.78785852097852,4.825572992189456,11.366416354072413,6806.8358472982145,66.26875732814158,62.22548417232722
216,"г.Ефремов, Ленина ул., 40",ефремов,1.2920115,,,,,2075.0,10040,2909,42350,0,0,0.0,387679,3.451357854932967,"[53.145073, 38.105187, '00']",0.2278241579940067,0.2278241579940067,0.7716933055149342,6713.246919939748,0.3634759160095271,0.05858108007621055
217,"п.Товарково, Туркестанская ул., 2",товарково,1.4758259,,,,,2796.0,10040,2897,14496,0,0,0.0,423321,3.465654124956852,"[54.677011, 35.933644, '00']",0.8214449361273006,13.39019141352849,22.93620427600939,6728.286217848184,76.69382529097756,56.88146756830413
218,"г.Таруса, Миронова ул., 9",таруса,1.8366904,,,,,2420.0,10065,2888,9660,0,0,0.0,423321,3.4851108033241003,"[54.717454, 37.163052, '00']",0.2971847298489312,0.2971847298489312,22.98103362503833,6794.781997621128,7.0169939177611855,6.614448532558073
219,"г.Сухиничи, Ленина ул., 106 В",сухиничи,1.3204674,,,,,1059.0,10054,2877,16273,0,0,0.0,423321,3.4946124435175534,"[54.090964, 35.344601, '00']",0.8017534405168429,31.9388525759098,72.25572941000499,6647.808534399236,51.967976019598325,50.40200918466429
221,"г.Козельск, Гвардейская ул, 43А",козельск,1.2098835,,,,,1416.0,10036,2870,18245,0,0,0.0,423321,3.4968641114982577,"[54.043674, 35.770088, '00']",0.8635242061331753,3.9436606367426377,56.531755862001674,6665.4191916037635,36.75822847990621,26.262813758748873
222,"г.Сосенский, Первомайская ул., 38",сосенский,1.1998482,,,,,1425.0,10043,2861,12392,0,0,0.0,423321,3.5103110800419435,"[54.059003, 35.967035, '00']",0.9434641798050324,1.2836014008139092,48.990215980764106,6676.842700390845,39.644953853146745,15.729076494315946
223,"г.Людиново, Ленина ул., 5 пом.44,45",людиново,1.5804552,,,,,2140.0,9995,2855,40530,0,0,0.0,423321,3.5008756567425565,"[53.86517, 34.44439, '00']",0.3183873344285332,0.3183873344285332,135.38957304723775,6582.821928930975,91.50656927580309,70.08467613248769
224,"п.Шайковка, в/ч 40444",шайковка,1.3687279,,,,,2088.0,10048,2848,4466,0,0,0.0,423321,3.5280898876404496,"[54.24584, 34.38017, '00']",12.073155856087448,18.54481415557611,123.78886741742943,6612.9531921806065,110.83120517563569,112.14328661891302
225,"п.Товарково, Ленина ул., 30А пом.1Ф",товарково,1.3628483,,,,,1331.0,10033,2837,14496,0,0,0.0,423321,3.5364821995065214,"[54.678125, 35.946275, '00']",0.8214449361273006,13.361820131620666,22.28041496640705,6729.022351538729,76.14331965268639,56.84965835882431
226,"г.Кремёнки, Школьная ул., 7",кремёнки,1.4237103,1.0,,7.0,1.0,2707.0,10032,2832,11582,0,0,0.0,423321,3.5423728813559316,"[54.886528, 37.110437, '01']",0.6803024840943921,0.6803024840943921,39.04758610895179,6806.417718605296,15.679911686123756,11.894704859573467
227,"г.Малоярославец, Московская ул., 16",малоярославец,2.5163553,,,,,2519.0,10005,2814,30392,0,0,0.0,423321,3.5554371002132195,"[55.010901, 36.47222, '00']",0.4875665575009124,0.4875665575009124,0.18890886153425568,6784.3425299822275,57.77972719973346,54.67031369960845
228,"п.Воротынск, Придорожная ул., 13",воротынск,1.2665752,,,,,1146.0,10048,2804,11288,0,0,0.0,423321,3.5834522111269616,"[54.478807, 36.060181, '00']",1.73459819961233,6.5925034095774135,12.500614583399479,6717.658968424237,57.72657248866682,33.87620449715741
229,"г.Тула, Максимовского ул, 15 п.2",тула,2.9206264,,,,,3949.0,9921,2495,482873,0,0,0.0,387679,3.9763527054108216,"[54.213672, 37.62811, '00']",0.32101735753500776,0.32101735753500776,1.6771953230011298,6776.626983846127,2.00760625483226,0.4008810284013769
230,"г.Новомосковск, Донская ул., 9",новомосковск,1.7530482,0.3,,2.0,,3018.0,9932,2607,131386,0,0,0.0,387679,3.809742999616417,"[54.031047, 38.28582, '01']",0.4568224511882696,0.4568224511882696,1.6740766225665669,6796.460667407745,4.608785746189468,0.4166618135570839
231,"г.Новомосковск, Победы пр-кт, 15",новомосковск,1.9255025,1.1,,11.0,1.0,3845.0,9942,2651,131386,0,0,0.0,387679,3.7502829121086383,"[54.032665, 38.316489, '01']",0.7377013753953052,0.7377013753953052,2.224891831296961,6798.244764920861,4.69759836285678,0.42347679950474604
232,"г.Сосенский, Победы мкр, 34 кв.1",сосенский,1.2758555,1.0,,8.0,1.0,3302.0,9954,2773,12392,0,0,0.0,423321,3.5896141363144607,"[54.05238, 35.950928, '01']",0.4402516874849707,9.073273033306725,50.07316339725489,6675.446526150914,38.67423838895935,16.939167032672223
233,"г.Людиново, Ф.Энгельса ул, 3/1 п.2",людиново,1.5472407,1.1,,5.0,1.0,3044.0,9933,2734,40530,0,0,0.0,423321,3.6331382589612287,"[53.862536, 34.442486, '01']",0.2958910999907288,0.2958910999907288,135.64544902329425,6582.496468903996,91.57905875714857,69.78165824555042
234,"г.Тула, Машинистов ул",тула,1.5379235,,,,,1522.0,9944,2619,482873,0,0,0.0,387679,3.796869033982436,"[54.188455, 37.572288, '00']",0.5649802792208288,1.1567112631002945,0.7639404238918476,6771.555891154991,2.4280377750833733,0.2982257882347397
235,"г.Тула, Маршала Жукова ул, 2",тула,2.32172,,,,,2262.0,9937,2601,482873,0,0,0.0,387679,3.820453671664744,"[54.192079, 37.537775, '00']",0.15249355905080073,2.733750676894364,2.932035418663127,6770.035724199794,4.5612206037036165,0.12497085702880338
236,"г.Калуга, Полесская ул., 65",калуга,1.1586831,0.7,,5.0,0.0,706.0,9939,2588,324698,0,0,0.0,423321,3.840417310664607,"[54.464565, 36.218312, '01']",1.3194110613106356,1.3194110613106356,2.226054927021395,6724.5192954682925,48.026560434516284,29.447207834874156
238,"г.Калуга, Фомушина ул, 26 п.114-115",калуга,1.5600201,1.2,,8.0,0.0,1534.0,9951,2543,324698,0,0,0.0,423321,3.9130947699567438,"[54.489053, 36.198692, '01']",0.5186950274455802,0.5186950274455802,4.1139603317018825,6725.615561645873,50.54823468343041,32.42149725590214
239,"г.Тула, Одоевское ш",тула,2.3434649,,,,,2404.0,9947,2639,482873,0,0,0.0,387679,3.7692307692307687,"[54.191294, 37.539697, '00']",0.15249355905080073,2.586067990107155,2.832852927141245,6770.071323588145,4.444837607316699,0.06839979488379537
240,"г.Новомосковск, п.Депо6А",новомосковск,1.6514835,,,,,3077.0,9927,2598,131386,0,0,0.0,387679,3.8210161662817548,"[54.028968, 38.255709, '00']",0.7054984693792391,0.7054984693792391,0.4392956935558449,6794.669055266347,2.830681961079047,0.5623903819633255
241,"г.Новомосковск, Березовая ул., 11",новомосковск,1.8702052,1.4,,9.0,1.0,2527.0,9925,2663,131386,1,0,0.0,387679,3.7269996244836654,"[54.012051, 38.284787, '01']",0.399727408600402,0.399727408600402,0.2793260277648664,6794.8271178921605,3.1408865503571732,0.4274910461057214
242,"г.Новомосковск, Мира ул, 54Д",новомосковск,1.2973323,1.0,,9.0,1.0,2504.0,9967,2738,131386,0,0,0.0,387679,3.6402483564645727,"[54.036901, 38.260901, '01']",0.9450333921890308,0.9855638089801576,1.234232533213775,6795.6074151584135,3.689567388451286,1.1723910230223569
243,"г.Новомосковск, Рязанское ш., 9Д",новомосковск,1.8948202,2.4,,8.0,1.0,2986.0,9948,2682,131386,1,0,0.0,387679,3.70917225950783,"[54.026038, 38.317019, '01']",0.7377013753953052,0.7377013753953052,1.6927343800919774,6797.722989902388,4.103081992970114,0.3141880606602577
244,"г.Обнинск, Комсомольская ул, 6",обнинск,1.6987894,1.1,,7.0,1.0,1789.0,9959,2633,104739,0,0,0.0,423321,3.7823775161412834,"[55.086955, 36.600554, '01']",0.51597409850952,0.51597409850952,1.264351726129422,6797.39303074454,55.013572293803776,51.32192525247564
245,"г.Обнинск, Космонавта Леонова ул, 17 1э.1-10,13",обнинск,1.4042054,1.9,,11.0,1.0,1663.0,9974,2634,104739,0,0,0.0,423321,3.78663629460896,"[55.134265, 36.575527, '01']",1.5844823749822543,1.5844823749822543,2.23253179144893,6800.177322820697,59.50554252573527,55.67702598931569
246,"г.Алексин, Пионерская ул., 16",алексин,1.805485,,,,,2235.0,9994,2791,61732,0,0,0.0,387679,3.5807954138301685,"[54.495679, 37.061102, '00']",0.4065646474024767,0.4065646474024767,2.934485073926944,6770.674126125855,17.664650486423874,0.9138450629977306
248,"г.Боровск, Ленина пл., 30",боровск,1.3282967,,,,,413.0,10081,2905,12283,0,0,0.0,423321,3.470223752151463,"[55.207608, 36.484689, '00']",1.2497736803923951,1.2497736803923951,12.215183814597767,6801.86690691295,69.19379858458933,65.2762276324425
249,"г.Ефремов, Интернациональная ул., 9",ефремов,1.3282157,,,,,1271.0,10041,2889,42350,0,0,0.0,387679,3.4755970924195223,"[53.139332, 38.081723, '00']",1.1599025977438358,1.1599025977438358,2.3428178389854293,6711.49040222651,1.158753164054197,0.5549591133192837
250,"г.Богородицк, Защитная ул., 6 А",богородицк,1.614533,,,,,1327.0,10027,2880,31897,0,0,0.0,387679,3.4815972222222222,"[53.78522, 38.125857, '00']",0.7555190523806591,1.4172764705288983,1.3868278889828471,6767.423781003523,0.052977821357874176,0.8782924891246967
251,"рп.Бородинский, Луговая ул., 32",бородинский,1.5181928,,,,,2003.0,10020,2848,6126,0,0,0.0,387679,3.5182584269662924,"[53.999187, 37.815947, '00']",8.787046093580916,9.242046605797551,19.799835697707923,6768.6370412785445,0.02960842751130212,0.6614476725524988
252,"г.Кимовск, Ленина ул., 32",кимовск,1.3613826,,,,,2091.0,10012,2848,28485,0,0,0.0,387679,3.515449438202247,"[53.970635, 38.539082, '00']",0.6231342676691022,0.6231342676691022,14.315690002626953,6805.111997345926,0.05798181015535305,0.5515484684690594
253,"рп.Арсеньево, Парфенова ул., 11/1",арсеньево,1.1203424,,,,,1267.0,10012,2831,4803,0,0,0.0,387679,3.53655951960438,"[53.736941, 36.665161, '00']",21.629317142604,40.768556594732324,63.18841067184615,6685.651655197635,0.15702508957975442,0.19206607751586008
254,"г.Белев, Октября пл., 5",белёв,1.1070043,,,,,1063.0,10030,2830,13918,0,0,0.0,387679,3.5441696113074204,"[53.810726, 36.129351, '00']",1.3924960291144417,29.299700800996032,73.39279095775825,6663.970480126285,19.87463690837107,1.4326507444639989
255,"рп.Шварцевский, Ленина ул., 6",шварцевский,1.4211274,,,,,2010.0,9985,2829,4913,0,0,0.0,387679,3.5295157299399085,"[54.088018, 37.994227, '00']",8.42244596120122,10.692329725172293,16.190562043324828,6785.574855133708,0.07004275076320111,0.2158374876210323
256,"д.Кривское, Центральная ул, 59",кривское,1.4218109,,,,,819.0,10053,2826,2048,0,0,0.0,423321,3.5573248407643314,"[55.13637, 36.539738, '00']",2.2868837883685047,2.2868837883685047,3.961717815569802,6798.540328857007,61.42273065653802,57.640689550536784
257,"г.Ясногорск, Советская ул., 6",ясногорск,1.2642691,,,,,2113.0,10024,2821,16795,0,0,0.0,387679,3.5533498759305213,"[54.480941, 37.685754, '00']",0.7067296681423929,26.979402058473692,30.47457932212163,6802.126654598467,0.0691940779681024,0.2186409480912168
258,"г.Жуков, Ленина ул., 22",жуков,1.1992345,,,,,1759.0,10033,2787,12131,0,0,0.0,423321,3.5999282382490136,"[55.020838, 36.713319, '00']",2.5429220385460773,8.153754888723952,10.273972126824646,6797.4797902199325,44.89954157422993,41.31784823821435
259,"г.Балабаново, 50 лет Октября ул., 24",балабаново,1.8122238,,,,,1173.0,10077,2780,26337,0,0,0.0,423321,3.6248201438848917,"[55.172537, 36.662097, '00']",0.7213387377299875,0.7213387377299875,6.836930099947787,6807.858996102198,58.37067032074915,54.304819677747076
260,"г.Малоярославец, Аузина ул., 23",малоярославец,2.329811,,,,,1264.0,10025,2769,30392,0,0,0.0,423321,3.6204405922715774,"[55.006229, 36.461288, '00']",0.5855642000425365,0.5855642000425365,0.6284892135389788,6783.385804976894,58.201977338905586,55.13447233202598
261,"г.Боровск, Шувалова ул, 10А",боровск,1.6605687,1.4,,8.0,1.0,1590.0,10057,2765,12283,0,0,0.0,423321,3.6372513562386986,"[55.198833, 36.496996, '01']",0.32239340677919104,8.742155174099729,10.96927320512857,6801.736226607719,67.96217707740155,64.05174928744856
262,"г.Киров, Пролетарская ул, 79 Б",киров,1.250792,,,,,1275.0,9990,2760,31882,0,0,0.0,423321,3.6195652173913038,"[54.079577, 34.305646, '00']",0.42583171014760857,0.42583171014760857,133.54208903482558,6594.677405377548,106.84265095634423,93.67727543152408
263,"г.Кондрово, Пушкина ул., 74",кондрово,1.6514419,1.0,,5.0,1.0,2477.0,9983,2732,16672,0,0,0.0,423321,3.6540995607613467,"[54.796983, 35.915651, '01']",0.5720691334530619,1.4138716353324956,32.20141043905006,6737.725155709715,86.52719377772766,70.20475252193567
264,"г.Ермолино, Мичурина ул., 40 пом.140",ермолино,1.7032186,,,,,1477.0,9992,2728,10409,0,0,0.0,423321,3.6627565982404686,"[55.190873, 36.601668, '00']",3.0894790015227906,3.612336469972485,8.169429080209046,6806.360882951316,62.51166366592022,58.48394225450096
265,"г.Боровск, Ленина ул., 76",боровск,1.6105314,,,,,1449.0,10028,2725,12283,0,0,0.0,423321,3.68,"[55.196572, 36.493816, '00']",0.32239340677919104,0.32239340677919104,10.877582370282353,6801.380907865872,67.9477627399106,64.04744774397598
266,"г.Таруса, Голубицкого ул., 2",таруса,1.9294657,0.5,,3.0,,2284.0,9986,2700,9660,0,0,0.0,423321,3.6985185185185183,"[54.718031, 37.16757, '01']",0.2971847298489312,1.264263793901477,23.10320478165259,6795.065311735232,6.720584921016529,6.345358596066396
268,"г.Тула, 2-й Гастелло пр-д, 17 к.1",тула,2.1814785,,,,,1941.0,9921,2520,482873,0,0,0.0,387679,3.9369047619047617,"[54.203835, 37.698609, '00']",0.9547571836735848,0.9547571836735848,0.7614519318961351,6779.5348192868105,5.935961411541423,0.11208018975765643
269,"г.Тула, Жуковского ул, 80",тула,1.3375071,,,,,1566.0,9922,2542,482873,0,0,0.0,387679,3.9032258064516134,"[54.182512, 37.611338, '00']",0.4347552467776806,0.4347552467776806,0.6049599503749495,6773.12297154324,1.4561560579603408,0.3321937216509868
270,"г.Тула, Макаренко ул, 19 к.2,п.1",тула,1.9275166,,,,,2468.0,9920,2484,482873,0,0,0.0,387679,3.9935587761674713,"[54.164577, 37.562748, '00']",0.4720754888607208,1.0107318263334906,1.424801498074623,6769.045228183579,4.506561967571081,0.1010221366552654
271,"г.Алексин, Дружбы ул., 7",алексин,1.7478342,,,,,2533.0,9969,2718,61732,0,0,0.0,387679,3.667770419426049,"[54.484194, 36.997483, '00']",4.302852084778411,4.708820873495824,7.007930334341763,6766.391620749539,21.567669384086628,0.5497138805596331
272,"г.Обнинск, Долгининская ул, 6 п.295",обнинск,1.5905732,2.5,,10.0,1.0,2548.0,9933,2528,104739,0,0,0.0,423321,3.929193037974684,"[55.107133, 36.582749, '01']",0.599935703211218,0.599935703211218,0.4788261570858285,6798.217381988847,57.26740685094643,53.524520392086245
273,"г.Новомосковск, Солнечная ул, 10Б",новомосковск,1.5673538,0.6,,6.0,0.0,2537.0,9929,2638,131386,0,0,0.0,387679,3.763836239575436,"[54.008707, 38.279514, '01']",0.5069290556254984,0.5069290556254984,0.7792831696415593,6794.265674342591,3.002616605237031,0.4673225123218317
275,"г.Донской, Центральный мкр, Терпигорева ул, 2",донской,1.1297712,,,,,1482.0,9964,2696,64552,0,0,0.0,387679,3.6958456973293767,"[53.968977, 38.332128, '00']",0.4166205264025845,0.4166205264025845,0.7828470270952667,6793.800210501317,0.1085586624321803,0.9972375997365988
276,"г.Узловая, Привокзальная ул, стр.4",узловая,1.2495313,,,,,1272.0,9941,2694,55282,0,0,0.0,387679,3.6900519673348184,"[53.973399, 38.178777, '00']",0.8211769668130159,0.8211769668130159,0.9016105164515358,6785.914676860743,0.1657069889919882,0.1904113753904035
279,"г.Ефремов, Мира ул, 2А",ефремов,1.2715951,1.1,,5.0,1.0,2974.0,9971,2843,42350,0,0,0.0,387679,3.5072106929300038,"[53.149335, 38.086655, '01']",0.4138339662307569,0.4138339662307569,2.0938487719154257,6712.586934436624,1.0784552582478604,0.6128387099311309
280,"г.Кимовск, Октябрьская ул., 37А",кимовск,1.2567945,0.7,,5.0,1.0,2955.0,9984,2714,28485,0,0,0.0,387679,3.678703021370671,"[53.974056, 38.527665, '01']",0.3689984541775839,0.4980593108111737,13.581771184771162,6804.777557283854,0.09201658583534662,1.388752479872604
281,"д.Кабицино, Обнинская ул., 1 Б",кабицино,1.3604597,,,,,232.0,10079,2887,270,0,0,0.0,423321,3.4911673016972635,"[55.143384, 36.630315, '00']",2.331507393373563,2.331507393373563,3.0506179187692912,6803.744064313196,57.54402179653482,53.603240988225714
282,"с.Перемышль, Коммунаров ул, 6",перемышль,1.1358526,,,,,427.0,10076,2871,3279,0,0,0.0,423321,3.5095785440613025,"[54.261541, 36.155995, '00']",22.933417930773125,22.933417930773125,23.665944021068483,6703.918879538522,36.07079609929485,10.147865908303967
283,"п.Товарковский, Кирова ул., 5",товарковский,1.2508553,,,,,835.0,10031,2847,7587,0,0,0.0,387679,3.5233579206181944,"[53.676564, 38.225058, '00']",9.203016058993247,12.063048214633293,12.266809923664674,6763.764587453215,0.06963396637606452,0.1916290791788057
284,"рп.Одоев, Л.Толстого ул., 2-к",одоев,1.0694846,,,,,546.0,10066,2834,6144,0,0,0.0,387679,3.551870148200424,"[53.930777, 36.692721, '00']",1.5455810971821058,24.008885182439922,54.29989238649463,6703.535090408189,0.04854302356611328,0.7363355977034837
285,"п.Бабынино, Центральная ул, 14",бабынино,1.2665752,,,,,467.0,10059,2828,3725,0,0,0.0,423321,3.5569306930693068,"[54.391395, 35.735135, '00']",21.531645383754142,24.301834449341165,34.50196026059658,6693.584837948799,66.55887928306548,33.968659015514625
286,"г.Мещовск, Революции пр-кт, 10А",мещовск,1.3355417,,,,,840.0,10029,2801,4100,0,0,0.0,423321,3.580506961799357,"[54.31781, 35.28436, '00']",0.6680010466887915,47.79137590376112,64.83382783165403,6664.411728758805,75.51556592725997,55.613287067547425
287,"п.Дубна, Льва Толстого ул., 1 Б",дубна,1.3128474,,,,,1601.0,10048,2796,5980,0,0,0.0,387679,3.5937052932761087,"[54.158794, 36.944501, '00']",12.408599399624483,28.556423352597882,40.580117208617786,6736.036366395795,0.11033584295470553,0.4938038208880258
288,"с.Детчино, Московская ул, 73Б",детчино,1.6217124,,,,,970.0,9996,2750,5010,0,0,0.0,423321,3.6349090909090913,"[54.818854, 36.316758, '00']",1.0490555399543138,21.579909694101467,23.13282878369103,6759.947886648206,61.69801658594275,53.27907253027295
289,"с.Ворсино, Лыскина ул., 22А п.1-13",ворсино,1.3428109,,,,,621.0,10055,2737,1684,0,0,0.0,423321,3.6737303617099015,"[55.223027, 36.664325, '00']",4.448309644475509,4.880073270561098,12.149092747262127,6812.300217810695,62.456858770412204,58.283927881751545
290,"г.Липки, Трудовая ул., 13",липки,1.187716,,,,,1152.0,9984,2731,8719,0,0,0.0,387679,3.6558037348956423,"[53.944527, 37.704799, '00']",0.7133218254997552,4.616505728119401,14.404537477837353,6758.137589350775,0.04893475919840404,0.4507018314718168
292,"пгт.Ревякино, Советская ул., 12А",ревякино посёлок,1.1074815,,,,,1242.0,9990,2727,2970,0,0,0.0,387679,3.663366336633664,"[54.366843, 37.659937, '00']",9.22040639620079,14.182858958896023,17.880905343146235,6791.17504436972,0.09054043472620213,0.07296651964409401
293,"г.Малоярославец, Курсантов Подольских ул, 28",малоярославец,2.18195,,,,,965.0,10065,2720,30392,0,0,0.0,423321,3.700367647058824,"[55.00468, 36.430341, '00']",0.2278997019571579,1.2581721575609743,1.7662654387558787,6781.680082904692,59.94487843126928,56.92712872300968
294,"г.Людиново, Урицкого ул., 5",людиново,1.0488757,,,,,2282.0,9956,2720,40530,0,0,0.0,423321,3.6602941176470583,"[53.862669, 34.436333, '00']",0.4037494506875193,0.4037494506875193,135.98608631283685,6582.200275620853,91.97917738659044,69.76120480342422
295,"г.Козельск, Чкалова ул., 82 А",козельск,1.2147272,,,,,766.0,9986,2715,18245,0,0,0.0,423321,3.678084714548803,"[54.038646, 35.760009, '00']",0.8635242061331753,4.267763682111053,57.36158301949754,6664.470512600543,36.259102146557815,26.870204205878444
297,"п.Новогуровский, Центральная ул., 3",новогуровский,1.5622681,,,,,1209.0,9991,2702,3590,0,0,0.0,387679,3.6976313841598816,"[54.469447, 37.340496, '00']",14.427360509459653,14.427360509459653,14.909737179281613,6783.032341454455,0.03527206183721976,0.5035514986167238
298,"г.Венев, Льва Толстого ул., 13",венёв,0.9807291,,,,,1271.0,9957,2665,15224,0,1,0.0,387679,3.7362101313320815,"[54.34987, 38.268249, '00']",0.4430171450516657,30.29512452814168,36.036822721391175,6822.043902670742,25.070353429207433,0.3980701316845007
299,"п.Товарково, Центральная ул, 51 А",товарково,1.1002076,,,,,840.0,9922,2556,14496,0,0,1.0,423321,3.8818466353677614,"[54.694123, 35.969829, '00']",2.335935781757561,11.954420657114838,21.938591901276,6731.595126569373,76.14215154491757,58.35214528193018
301,"г.Кимовск, Некрасова ул., 20А",кимовск,1.1484172,0.5,,3.0,,3070.0,9933,2629,28485,0,0,0.0,387679,3.7782426778242684,"[53.976216, 38.53822, '01']",0.4618022273324797,0.534288479525812,14.284125736997893,6805.5271421410325,0.16037545450141552,1.0461613225729096
302,"г.Щекино, Ремонтников ул., 4 А",щёкино,1.3682321,,,,,1286.0,9959,2678,58139,0,0,0.0,387679,3.71882001493652,"[53.997308, 37.532529, '00']",0.839749525408576,3.016295564435124,1.7469989462631874,6753.39851229175,0.0434714882358087,1.2591521711829257
303,"г.Новомосковск, Свободы ул, 5",новомосковск,1.130555,0.4,,2.0,,456.0,9978,2722,131386,0,0,0.0,387679,3.665686994856723,"[54.07879, 38.221573, '01']",4.364068259919253,4.364068259919253,6.396034320672245,6796.978334894837,7.342444088261657,0.4539903494304377
304,"г.Алексин, Ленина ул., 1",алексин,1.7168362,0.6,,4.0,1.0,2392.0,9939,2686,61732,0,0,0.0,387679,3.70029784065525,"[54.5075, 37.067327, '01']",0.3981056352353247,0.7758365935830465,1.8076976663570905,6772.0004855236375,17.56098250749204,0.4874133677588397
305,"г.Донской, мкр.Центральный, Красноармейская ул, 1Б",донской,1.0653605,,,,,1067.0,9940,2690,64552,0,0,0.0,387679,3.695167286245353,"[53.986345, 38.369238, '00']",2.6895287794876044,2.6895287794876044,3.7918573708560617,6797.2414281679,0.3720590897869785,0.10326304957689622
306,"г.Узловая, Генерала Васильева ул, 22",узловая,1.2663223,,,,,1458.0,9953,2643,55282,0,0,0.0,387679,3.76579644343549,"[53.984577, 38.192827, '00']",0.7214615409908414,0.7214615409908414,2.127501469010561,6787.599234849024,0.32800829789307784,0.048380901683745176
307,"г.Алексин, Южная ул, 9",алексин,1.6711236,,,,,1839.0,9927,2597,61732,0,0,0.0,387679,3.8224874855602615,"[54.515121, 37.047079, '00']",0.5997253652452809,0.5997253652452809,2.9173430175023167,6771.593992699563,19.048171772077268,0.5649903983628798
308,"г.Алексин, Дубравная ул, 36",алексин,2.026812,,,,,2508.0,9924,2586,61732,0,0,0.0,387679,3.8375870069605567,"[54.511844, 37.121568, '00']",0.3910947318929529,0.3910947318929529,0.3214579054629314,6775.191540665468,14.367571792832614,0.23578584684798215
309,"г.Киреевск, Тесакова ул, 10",киреевск,1.3383619,0.6,,7.0,1.0,852.0,9995,2770,25557,0,0,0.0,387679,3.608303249097473,"[53.920073, 37.914546, '01']",1.3138689316847705,1.474026218114267,17.354302378665718,6767.29943200356,0.05549878706872642,1.8556748050519076
310,"г.Плавск, Победы ул., 1 Е",плавск,1.0572226,1.9,,18.0,1.0,2368.0,9972,2730,16165,0,0,0.0,387679,3.6527472527472526,"[53.706502, 37.282653, '01']",0.4927891683518214,34.41737984064345,36.7319486387756,6715.705346748494,0.023049157669962555,0.5525140503878252
311,"г.Кимовск, Бессолова ул, 10",кимовск,1.0522829,,,,,2456.0,9925,2538,28485,0,1,0.0,387679,3.910559495665879,"[53.971164, 38.524898, '00']",0.35702017176400186,0.35702017176400186,13.38943588027033,6804.388594549825,0.11942709052570392,1.4418891175685673
312,"г.Ефремов, Короткова ул, 20",ефремов,1.3987516,1.3,,6.0,1.0,3374.0,9920,2566,42350,0,0,0.0,387679,3.865939204988309,"[53.144166, 38.10825, '01']",0.2278241579940067,0.4777413158291613,0.5485458841531689,6713.339310659103,0.2031087641703533,0.13739066937284572
313,"г.Плавск, Свободы пл., стр.2",плавск,1.0131724,,,,,402.0,10044,2872,16165,0,0,0.0,387679,3.4972144846796662,"[53.71083, 37.295904, '00']",0.9960893794442532,0.9960893794442532,35.941049486224635,6716.77344872041,0.03223841456007833,1.185334125847623
314,"г.Киреевск, Октябрьская ул., 42",киреевск,1.2001991,,,,,628.0,10037,2793,25557,0,0,0.0,387679,3.5936269244539916,"[53.934573, 37.927392, '00']",0.9952343240553162,0.9952343240553162,16.002623379744858,6769.196919430818,0.028431333574493924,0.13799293829582907
315,"г.Кондрово, Комсомольская ул, 8",кондрово,1.6308244,1.0,,7.0,1.0,394.0,10039,2784,16672,0,0,0.0,423321,3.605962643678161,"[54.807705, 35.927509, '01']",1.4138716353324956,1.4138716353324956,32.61222919709393,6739.249580687472,86.34642147036007,71.25152013426313
316,"г.Богородицк, Шахтная ул., 2 А",богородицк,1.5694016,,,,,2170.0,9977,2761,31897,0,0,0.0,387679,3.613545816733068,"[53.768581, 38.120539, '00']",0.5759897738238231,0.5759897738238231,0.8054090808369664,6765.754548458735,0.015991092447904122,1.0311837052602393
317,"г.Таруса, Ленина ул, 9",таруса,1.2742903,1.2,,5.0,1.0,404.0,9986,2758,9660,0,0,0.0,423321,3.6207396664249463,"[54.727661, 37.178036, '01']",0.7394077907188316,1.264263793901477,24.295310540546875,6796.425155972364,5.828984905272818,5.756926790078025
318,"г.Мосальск, Калужская ул., 60",мосальск,1.1852729,,,,,292.0,10074,2755,4288,0,0,0.0,423321,3.6566243194192376,"[54.494492, 34.982059, '00']",27.72634291520163,62.13918337754865,81.66424610231955,6664.61544046533,102.32303125577712,80.98701301934126
319,"г.Козельск, Советская Б.ул, 30",козельск,1.2046921,,,,,262.0,10006,2746,18245,0,0,0.0,423321,3.643845593590677,"[54.029836, 35.794118, '00']",1.8366142522599216,1.8366142522599216,56.990344750694064,6665.46085266136,35.13150084196434,24.710232117202484
320,"с.Воскресенское, Заводская ул., 12 А",воскресенское,1.2869902,,,,,694.0,10019,2743,2573,0,0,0.0,387679,3.6525701786365294,"[54.104312, 37.110716, '00']",12.408599399624483,26.56102061405797,28.30352248372559,6740.138206494698,0.08042234577601655,0.19488053656403484
321,"п.Дубовка, Щербакова ул., 7А",дубовка посёлок,1.6327777,,,,,1556.0,9968,2732,8942,0,0,0.0,387679,3.6486090775988287,"[53.921817, 38.10587, '00']",1.7670097505226463,6.8808464563197065,7.029008759100551,6777.706283534268,0.1045701957229194,0.35272296547177995
322,"г.Юхнов, Революции ул., 1",юхнов,1.5259942,,,,,336.0,10027,2727,7056,0,0,0.0,423321,3.6769343601026767,"[54.743848, 35.222188, '00']",0.17092646369062475,44.871657977713184,68.4679572889797,6698.315518523385,116.75692989785921,85.16444723536091
323,"г.Сухиничи, Ленина ул., 78",сухиничи,1.068728,,,,,845.0,9957,2720,16273,0,0,0.0,423321,3.6606617647058814,"[54.097866, 35.341044, '00']",0.4376381992402649,32.347983545996996,72.00014740990437,6648.225263661623,52.72381747103484,50.489369779196565
324,"п.Пятовский, Ленина ул., 2В",пятовский,1.4431283,,,,,555.0,9978,2719,2984,0,0,0.0,423321,3.6697315189407873,"[54.688628, 36.0518, '00']",1.9663643099980357,14.884121712131636,17.457723499576332,6735.280501196711,71.84399073769472,56.47902600542702
325,"д.Новое Казачье, Буканова ул, 11Б",новое казачье,1.118597,,,,,68.0,10069,2718,460,0,0,0.0,423321,3.7045621780721114,"[54.055145, 35.790426, '00']",1.8411133683412653,3.964810875690296,54.73692402477288,6667.447449757319,37.952947516380746,24.451140945279878
326,"п.Чернь, Свободная ул., 141",чернь,1.1150031,,,,,692.0,9986,2716,6405,0,0,0.0,387679,3.676730486008836,"[53.454487, 36.922348, '00']",0.7197533859282884,36.756485989091935,72.74390941353681,6675.357806994796,0.04416198848052998,0.9482192513333516
327,"г.Калуга, с.Росва, Советская ул, 9",росва,1.2724599,,,,,368.0,10000,2714,1667,0,0,0.0,423321,3.684598378776714,"[54.50258, 36.070188, '00']",2.72130069965496,4.689179477590182,11.44567089717195,6720.212719187459,58.41796576044364,36.46456404468528
328,"с.Оболенское, Кутузова ул, 1А",оболенское,1.4093232,,,,,200.0,10035,2713,722,0,0,0.0,423321,3.6988573534832287,"[55.05482, 36.573721, '00']",1.180776019906082,3.960627672248732,5.21347145877518,6793.272743478012,54.41017154100254,50.90915056514642
329,"с.Барятино, Советская ул., 22",барятино,1.2282188,,,,,438.0,9995,2710,2748,0,0,0.0,423321,3.688191881918819,"[54.311917, 34.527736, '00']",12.073155856087448,28.795915762710212,112.99435398946295,6626.059351241922,107.14095082178335,103.59144881039248
330,"рп.Одоев, 50 лет Октября ул, 59А",одоев,1.0582745,,,,,813.0,9990,2700,6144,0,0,0.0,387679,3.7,"[53.936073, 36.670892, '00']",1.5455810971821058,22.80237552794571,55.61940266967222,6702.843163837906,0.24447952906865206,0.3621071138331391
331,"г.Юхнов, Урицкого ул, 33/2",юхнов,1.4810464,,,,,448.0,10075,2696,7056,0,0,0.0,423321,3.7370178041543034,"[54.74469, 35.224416, '00']",0.17092646369062475,44.717266942366656,68.35407051472599,6698.499909440778,116.70989598607176,85.13728257405077
332,"г.Кондрово, 2-я Стефанова ул, 35А",кондрово,1.6231414,,,,,116.0,10056,2695,16672,0,0,0.0,423321,3.731354359925788,"[54.784525, 35.962274, '00']",2.191375545197248,3.2944451647367115,29.206136632216683,6739.00691586835,83.45025114139929,68.37036613096643
333,"г.Калуга, Строительная ул., 26",куровской,1.126334,0.5,,3.0,0.0,760.0,9980,2694,3207,0,0,0.0,423321,3.7045285820341496,"[54.533508, 36.020799, '01']",4.689179477590182,9.282544814438284,14.697674002628352,6720.354921910594,62.90749265846285,40.20591092298697
334,"г.Сосенский, Космонавтов ул., 6",сосенский,1.1210833,,,,,2185.0,9971,2658,12392,0,0,0.0,423321,3.751316779533484,"[54.056043, 35.953488, '00']",0.4402516874849707,0.4402516874849707,49.63293327929349,6675.8923763859875,39.109358324877,16.51220242423107
335,"г.Калуга, д.Мстихино, Центральная ул., 11",мстихино,1.2867872,,,,,127.0,10029,2653,2658,1,0,0.0,423321,3.78024877497173,"[54.559234, 36.12389, '00']",3.692528272250732,3.692528272250732,8.388717726025009,6727.820421625219,58.978849499188996,41.373482082602884
336,"г.Тула, п.Хомяково, Хомяковская ул., 8Б",хомяково,1.7872425,,,,,1411.0,9953,2632,119,1,0,0.0,387679,3.781534954407295,"[54.288847, 37.611661, '00']",4.543306824699032,5.557398729797609,9.915955803466536,6782.072180145418,9.13254968827553,0.0921149032179201
337,"г.Кондрово, Ленина ул, 31-А",кондрово,1.6117675,,,,,2166.0,9932,2576,16672,0,0,0.0,423321,3.855590062111801,"[54.792748, 35.920718, '00']",0.5720691334530619,0.5720691334530619,31.633927529620923,6737.6156317265395,85.96385347603744,69.68453198491858
338,"г.Тула, Щекинское ш, 26А",тула,1.3908952,,,,,377.0,9926,2451,482873,0,0,0.0,387679,4.049775601795186,"[54.143575, 37.580885, '00']",0.7881189901969188,0.7881189901969188,0.63260421067373,6768.241227060853,6.0234544686183895,0.07163947525245186
339,"г.Кимовск, Коммунистическая ул., 10 А",кимовск,0.9495151,,,,,2616.0,9943,2690,28485,0,0,0.0,387679,3.6962825278810407,"[53.979214, 38.533333, '00']",0.4618022273324797,0.4618022273324797,13.99016153739038,6805.510911240281,0.06499739070966591,1.500883515882944
340,"г.Алексин, Пахомова ул, 11А",алексин,1.8961006,0.7999999999999999,,5.0,1.0,2641.0,9921,2538,61732,0,0,0.0,387679,3.908983451536643,"[54.501096, 37.072097, '01']",0.5713595982442533,0.5946476015114024,2.011882423988016,6771.70554220347,17.090947172601293,0.38057815205023693
341,"г.Ефремов, Дружбы ул., 4 А",ефремов,1.070235,0.5,,6.0,1.0,2457.0,9918,2597,42350,0,0,0.0,387679,3.8190219484020025,"[53.150485, 38.092557, '01']",0.4138339662307569,0.4138339662307569,1.7824843060339337,6713.00438210169,0.4157525683728541,0.6614053302773942
342,"п.Лазарево, Тульская ул., 14Б",лазарево,1.1841636,,,,,794.0,9980,2695,2208,0,0,0.0,387679,3.7031539888682743,"[53.85141, 37.47836, '00']",13.910495035075447,13.910495035075447,17.525815405186467,6738.278008129842,0.06189247005822138,3.644804754500119
343,"г.Советск, Энергетиков ул, 27",советск,1.1303506,0.5,,6.0,1.0,1726.0,9944,2630,7536,0,0,0.0,387679,3.7809885931558935,"[53.935135, 37.636096, '01']",4.616505728119401,12.671137967229846,11.422723760468347,6753.690980213377,0.11135593149823636,0.450863740672556
344,"г.Суворов, Макарова пл, 6",суворов,1.0552365,0.7,,5.0,1.0,2282.0,9933,2619,18973,0,0,0.0,387679,3.792668957617411,"[54.118632, 36.495559, '01']",0.5370900053485943,0.8267398669424179,41.80435524189759,6709.2383834312195,9.243547274782602,0.6165466471144009
345,"г.Кимовск, Мелихова ул, 15А",кимовск,1.1515933,0.2,,2.0,,1809.0,9954,2633,28485,0,0,0.0,387679,3.780478541587543,"[53.986218, 38.54352, '01']",0.6428305118710824,0.6428305118710824,14.73882375414512,6806.6413796720035,0.1412540614488562,1.2988497143599331
346,"г.Богородицк, Коммунаров ул., 90",богородицк,0.95104337,,,,,814.0,9977,2778,31897,0,0,0.0,387679,3.591432685385169,"[53.779118, 38.130915, '00']",0.7555190523806591,0.7979142818393778,0.6772455156395372,6767.189479083657,0.07373240434127773,0.9363671521323969
347,д.Бежка77,бежка,1.7472461,,,,,122.0,10009,2726,500,0,0,0.0,387679,3.6716801173881146,"[54.188955, 37.735072, '00']",2.8306196597702997,3.7533930784315728,3.0469104477765385,6780.220519788121,8.320518419577164,0.021893504806764896
348,"с.Крапивна, Л.Толстого ул., 2 А",крапивна,1.0917437,,,,,154.0,10022,2708,1069,0,0,0.0,387679,3.700886262924668,"[53.941569, 37.155075, '00']",18.326720518614263,23.984887468331323,24.50755602920959,6728.736053999958,0.02117584564736711,0.5049949236444953
349,"п.Ломинцевский, Центральная ул., 15",ломинцевский,1.162318,,,,,896.0,9955,2694,4700,0,0,0.0,387679,3.6952487008166295,"[53.983841, 37.661877, '00']",4.974369280860809,5.6724191581127945,10.11705988383297,6759.143375301641,0.08060475632957273,0.2432258294454737
351,"г.Ефремов, Комсомольская ул, 19",ефремов,1.0347087,,,,,2446.0,9959,2688,42350,0,0,0.0,387679,3.7049851190476186,"[53.14341, 38.122309, '00']",0.43061115242931663,0.43061115242931663,0.4035027558844893,6714.045161618647,0.2734997056727023,0.4734608322736794
352,"г.Ясногорск, Комсомольская ул., 2",ясногорск,1.3806933,,,,,1753.0,9962,2680,16795,0,0,0.0,387679,3.717164179104478,"[54.478943, 37.696139, '00']",0.2251191598978894,26.854683729940138,30.256488198081023,6802.505653458086,0.07777399691457122,0.11559938159021765
353,"п.Ферзиково, Победы ул, 6",ферзиково посёлок,1.484198,,,,,262.0,9991,2671,4600,0,0,0.0,423321,3.7405466117558968,"[54.515267, 36.763176, '00']",0.4870995823367417,18.201256207295792,21.242462951983427,6756.887585854275,31.202897117196315,12.787890520874095
354,"п.Брусянский, Пугачева ул, 4",брусянский,1.3851097,,,,,1030.0,9947,2670,3498,0,0,0.0,387679,3.725468164794008,"[54.002855, 38.097273, '00']",2.097593950472916,5.64044170414786,4.831902095678188,6783.9906688849205,0.32221071700203,0.6890403271998435
355,"п.Волово, Хрунова ул., 12 А",волово,1.2775763,,,,,515.0,9994,2660,3853,0,0,0.0,387679,3.7571428571428567,"[53.557139, 38.010648, '00']",19.39965798945376,24.79773847775791,25.17570008024196,6742.255476055383,0.06426368566219308,0.9161159453747978
356,"г.Мещовск, Революции пр-кт, 45 п.1",мещовск,0.98960483,,,,,624.0,9942,2656,4100,0,0,0.0,423321,3.743222891566265,"[54.312847, 35.290163, '00']",0.6680010466887915,47.14026815154643,64.61833025096594,6664.273867627035,74.85232476723904,55.099186748361085
357,"г.Ефремов, Строителей ул, 22Б",ефремов,1.3346229,,,,,2564.0,9936,2655,42350,0,0,0.0,387679,3.742372881355932,"[53.156441, 38.091793, '00']",0.6642334661857914,0.6642334661857914,2.20606275457964,6713.455139637839,0.8625613632891836,1.2339261408978843
358,"г.Козельск, Заводская ул, 11А",козельск,0.88387525,1.3,,10.0,1.0,710.0,9947,2644,18245,0,0,0.0,423321,3.7621028744326783,"[54.024182, 35.820538, '01']",1.8366142522599216,9.073273033306725,56.65864105462432,6666.329817642735,34.48208069429271,23.18116268054481
359,"г.Ясногорск, Заводская ул., 19",ясногорск,0.9796865,,,,,827.0,9988,2642,16795,0,0,0.0,387679,3.7804693414080237,"[54.469991, 37.700514, '00']",1.0347755530334517,25.918645663116678,29.267635120656895,6801.983632871177,0.09339428751565423,1.039355640829644
361,"г.Медынь, Ленина пр-кт, 64 п.3",медынь,1.5859323,,,,,467.0,10015,2615,8300,0,0,0.0,423321,3.8298279158699815,"[54.96775, 35.858186, '00']",0.9014399165046572,18.340178870413027,38.4268393456029,6749.583554557347,93.75845453537536,86.89323495373421
362,"п.Каменецкий, Клубная ул, стр.5",каменецкий,1.0918677,,,,,1104.0,9939,2612,2506,0,0,0.0,387679,3.805130168453292,"[54.012988, 38.220593, '00']",2.6950255486585672,2.6950255486585672,2.9305719173323124,6791.453536376539,0.05314472495319185,0.4764103122858608
363,"рп.Чернь, Ленина ул, 21",чернь,0.91242504,,,,,1810.0,9927,2604,6405,0,0,0.0,387679,3.81221198156682,"[53.450787, 36.910329, '00']",0.3765284318039819,37.585829020752776,73.5160906515285,6674.4079406854025,0.035105330049219154,0.4429005854839021
364,"г.Ясногорск, Зои Космодемьянской ул, 1",ясногорск,1.3806933,,,,,1870.0,9955,2601,16795,0,0,0.0,387679,3.827374086889658,"[54.479816, 37.699283, '00']",0.2251191598978894,26.982665518703165,30.357719674682194,6802.744658999372,0.189103787497512,0.11726208568238702
365,"п.Думиничи, Большая Пролетарская ул., 87",думиничи,1.0058265,,,,,714.0,9973,2600,6326,0,0,0.0,423321,3.8357692307692313,"[53.931615, 35.103664, '00']",0.9396261483961788,43.85558777113535,95.52999186811451,6621.7955344935535,52.509659202402744,60.85810303543988
366,"г.Таруса, Шмидта ул., 30",таруса,1.3407389,,,,,384.0,10017,2593,9660,0,0,0.0,423321,3.863092942537601,"[54.721026, 37.177272, '00']",0.7065140890307283,0.7065140890307283,23.5660665814488,6795.822698967376,6.029707598392433,5.833592723486601
368,"п.Майский, Шахтеров ул., 4 А",майский,1.2856588,,,,,1164.0,9929,2575,2289,0,0,0.0,387679,3.855922330097088,"[53.963066, 38.216722, '00']",2.7349813035374955,2.8979401838161727,3.6077730245494903,6787.095709988514,0.4093603880945981,0.247541512687954
369,"г.Суворов, Гагарина ул, 5",суворов,1.1105096,,,,,1830.0,9927,2565,18973,0,0,0.0,387679,3.8701754385964913,"[54.126172, 36.501973, '00']",0.458239682784872,0.6945429293779296,41.19033804089895,6710.213652022533,9.726573242511805,0.5643547861632241
370,"г.Людиново, Кропоткина ул, в р-не 48",людиново,1.1691473,1.2,,7.0,1.0,2485.0,9922,2541,40530,0,0,0.0,423321,3.9047619047619047,"[53.871621, 34.442037, '01']",0.7337210200767939,1.0106347874389623,135.16209763522508,6583.268036245818,91.7858800223375,70.78520295616984
371,"п.Думиничи, Ленина ул., 44",думиничи,0.951643,,,,,1240.0,9933,2513,6326,0,0,0.0,423321,3.952646239554317,"[53.924786, 35.112117, '00']",0.9396261483961788,44.298840151741324,95.58226485919157,6621.6318576964095,51.672471802716416,60.1010193534344
372,"г.Белоусово, Московская ул, 111",белоусово,1.8388352,0.7,,3.0,,2405.0,9925,2456,8412,0,0,0.0,423321,4.041123778501628,"[55.088743, 36.657139, '01']",0.3487492569814632,0.3487492569814632,2.5605699090484797,6800.4271157769335,52.28326964925184,48.487478980004646
373,"г.Узловая, Тульская ул., 13 А",узловая,1.0137457,,,,,871.0,9943,2545,55282,0,0,0.0,387679,3.906876227897839,"[53.997541, 38.128067, '00']",2.097593950472916,3.747511913664837,2.8741145561327297,6785.200122647995,0.1854610866630545,0.32729126244555634
374,"г.Ефремов, Свердлова ул",ефремов,1.1561145,0.3,,4.0,,2054.0,9915,2472,42350,0,0,0.0,387679,4.010922330097087,"[53.146553, 38.114206, '01']",0.2288376484703046,0.2288376484703046,0.4079257346410499,6713.8620830691625,0.055030419569808135,0.17085699218834474
375,"с.Хвастовичи, Ленина ул., 3 А",хвастовичи,1.1668997,,,,,192.0,9980,2663,4509,0,0,0.0,423321,3.747653022906496,"[53.467327, 35.08753, '00']",0.6516928013573153,60.88795584462971,134.753338573913,6580.791149174236,55.22953999396033,39.031683642286055
376,"с.Хвастовичи, Ленина ул, 38",хвастовичи,0.98960483,,,,,320.0,9956,2659,4509,0,0,0.0,423321,3.744264761188417,"[53.47035, 35.095965, '00']",0.6516928013573153,61.036569017576724,134.16281103985997,6581.483995160866,54.57792831632007,39.46527926670064
377,"г.Богородицк, мкр.Жданковский, Клубная ул., 4",жданковский,1.2656963,,,,,936.0,9945,2655,500,0,0,0.0,387679,3.745762711864407,"[53.754364, 38.177349, '00']",2.5306166703780644,3.518188064837221,3.5986706324386666,6767.639180945774,0.012530124987247742,3.0911004305134986
378,"г.Узловая, Центральная ул., 7",5-я пятилетка,1.4279861,,,,,690.0,9945,2643,500,0,0,0.0,387679,3.7627695800227015,"[54.020569, 38.052941, '00']",3.5029177355718324,9.141184626960245,8.33370901600445,6783.090525230329,0.1287075367805513,0.5660873096305908
379,"г.Донской, Комсомольский мкр, Трудовая ул, 3",комсомольский,1.1010125,,,,,609.0,9940,2641,500,0,0,0.0,387679,3.7637258614161295,"[53.905997, 38.263524, '00']",6.7183272091475725,7.903728900644655,7.840426658821034,6784.87549294947,3.0903251726157097,0.02115795822224499
380,"п.Мордвес, Почтовая ул, 9А",мордвес,1.1194139,,,,,211.0,10058,2633,1276,0,0,0.0,387679,3.8199772123053553,"[54.576433, 38.216856, '00']",25.25772259659258,53.18342741281763,53.482510316163136,6838.208733236714,31.525153423735514,0.08070469197652723
381,"рп.Епифань, Колхозная ул, 1А",епифань,1.10518,,,,,306.0,9987,2613,2237,0,0,0.0,387679,3.822043628013777,"[53.822198, 38.557534, '00']",16.549660735387178,16.933987625222898,22.470405471647567,6793.83994509848,12.161255633102538,0.5433286775950062
382,"с.Износки, Ленина ул., 6А",износки,0.951643,,,,,119.0,9962,2602,1877,0,0,0.0,423321,3.8285933897002304,"[54.989135, 35.31245, '00']",25.30866251613725,44.09610694266424,72.9621822562162,6724.169193893667,128.28250563336542,103.91571055834585
383,"с.Дворцы, Федорова ул, 12",дворцы,1.0030377,,,,,436.0,9956,2586,1492,0,0,0.0,423321,3.849961330239752,"[54.610757, 36.0184, '00']",1.4676452023283684,8.591088635739446,15.208443497452713,6726.880214575774,67.85552235267318,48.747059948932936
384,"с.Архангельское, Комсомольская ул., 16Б",архангельское,0.799443,,,,,865.0,9959,2580,2391,0,0,0.0,387679,3.8600775193798453,"[53.260021, 37.695555, '00']",28.791759123475032,28.809069562726265,30.89176896014811,6700.510631457327,0.0479625166415032,0.7122089534859115
385,"г.Суворов, Грибоедова ул, 30",суворов,1.0611148,,,,,1016.0,9927,2527,18973,0,0,0.0,387679,3.928373565492679,"[54.12402, 36.488974, '00']",0.7369510979706566,0.7369510979706566,41.0882576287774,6709.35590831909,9.980449747956383,0.0311241491423696
386,"г.Богородицк, Восточный мкр, 2",богородицк,1.2520885,,,,,1369.0,9923,2527,31897,0,0,0.0,387679,3.9267906608626832,"[53.766809, 38.145117, '00']",1.0174603676805192,1.0174603676805192,1.0681224762395516,6766.932945260684,0.30355652414279194,0.5955569612097115
387,"рп.Чернь, Революционная ул., 3",чернь,0.89863443,,,,,1721.0,9940,2523,6405,0,0,0.0,387679,3.939754260800634,"[53.454101, 36.911497, '00']",0.3765284318039819,37.25644171964343,73.1635449693003,6674.749252072198,0.01186261175660525,0.2345699445327189
388,"п.Ферзиково, Пионерская ул, 4",ферзиково посёлок,1.3272644,,,,,734.0,9921,2488,4600,0,0,0.0,423321,3.987540192926045,"[54.519547, 36.764784, '00']",0.4870995823367417,18.08786991144069,21.143876479884103,6757.33522374715,31.652507534282414,12.924577167898581
389,"г.Малоярославец, Чистовича ул, 24 п.1",малоярославец,2.3029513,,,,,1180.0,9919,2327,30392,0,0,0.0,423321,4.262569832402234,"[55.002754, 36.429119, '00']",0.2278997019571579,1.2160366055549208,1.9293471453228417,6781.452629907166,59.933649297916936,56.928520761822064
390,"п.Бегичевский, Первомайская ул, 10А",бегичевский,1.2711303,,,,,949.0,9921,2522,2278,0,0,0.0,387679,3.9337827121332274,"[53.793401, 38.258556, '00']",6.878860765293324,8.838894074058116,8.688685962217255,6775.264369891359,0.014879544470965326,0.3591573841559313
392,"г.Спас-Деменск, Заводской пер, 4",спас-деменск,1.0629694,0.2,,3.0,1.0,331.0,9979,2556,4896,0,0,0.0,423321,3.9041471048513294,"[54.409587, 34.03201, '01']",29.00330025525018,40.67578346817772,143.5910091640174,6610.2077968819285,139.64777660164035,131.97096073370545
393,"п.Бетлица, Кирова ул, 25",бетлица,0.951643,,,,,280.0,9947,2549,3589,0,0,0.0,423321,3.9023146331894862,"[54.012417, 33.951242, '00']",23.25229458801665,23.25229458801665,157.84782638351362,6571.238654078986,126.55544368411202,90.05250932801813
394,"г.Кондрово, Коммуны ул, 4",кондрово,1.3030102,,,,,168.0,9934,2472,16672,0,0,0.0,423321,4.018608414239481,"[54.781119, 35.928614, '00']",1.388660707280756,1.949979552394301,30.337434492809372,6737.0111378408055,84.68997851365887,68.3241592953256
395,"с.Ульяново, Большая Советская ул, 69",ульяново,0.98104525,,,,,266.0,9930,2455,3022,0,0,0.0,423321,4.044806517311609,"[53.724316, 35.526627, '00']",35.1718792696319,38.51020572401679,95.16838076320515,6625.459109585879,18.926696765463127,30.407277000948163
396,"г.Медынь, Варшавское ш, 15А",медынь,1.3968413,,,,,65.0,9929,2451,8300,0,0,0.0,423321,4.050999592003264,"[54.9633, 35.846382, '00']",0.9014399165046572,18.06274190594218,39.23994881178049,6748.605400699104,94.40070273820574,87.27390798932859
398,"п.Дубовка, квартал 5/15, Центральный перс.6",дубовка посёлок,1.5594195,,,,,355.0,9930,2550,8942,0,0,0.0,387679,3.894117647058824,"[53.93382, 38.123557, '00']",1.7670097505226463,5.126266966573397,5.282044112934416,6779.655287629787,0.8071306060318885,1.6550505519229834
399,"г.Донской, мкр.Северо-Задонск, Мичурина ул, 76 п.1",северо-задонск,1.0787587,,,,,283.0,9930,2533,500,0,0,0.0,387679,3.920252664824319,"[54.023082, 38.376532, '00']",3.901270583902703,3.901270583902703,4.970835437906835,6800.6820562585535,1.1570095169757877,0.0914435256592632
400,"с.Гремячее, Новики ул., 12",гремячее,1.050035,,,,,139.0,9944,2421,1337,0,0,0.0,387679,4.107393638992152,"[54.1427, 38.665897, '00']",15.26419368379494,15.26419368379494,27.81046419677313,6826.200856975009,18.99672554390849,0.10314810392810493
401,"с.Коллонтай, Московская ул, 23",коллонтай,1.3810405,,,,,85.0,9911,2231,555,0,0,0.0,423321,4.442402510085165,"[55.031845, 36.52594, '00']",2.882191039487468,3.109016253392061,4.3300073687177365,6788.8714020683265,55.75146249512182,52.44612359887518
