,ADDRESS,CITY,REGION,Postamat_daily,cashbox_daily,Postamat_trend,cashbox_MAX,cashbox_trend,hh_500,value1,value2,POPULATION,NEAR_Malls,NEAR_Business_centers,NEAR_metro_rjd,macro_salary_avg_yearly,Avg_check,coords,dist_to_closest,dist_to_competitor,NEAR_stops,dist_to_post
0,"г.Калуга, Литейная ул., 25/15",калуга,Калужская область,,3.3,,13.0,1.0,7696.0,10099,3382,324698,0,0,0.0,423321,2.9861028976936725,"[54.531659, 36.268078]",0.5606419927479993,0.22961468735550994,36.06206814951127,6732.820120030588
1,"г.Калуга, Гагарина ул., 1",калуга,Калужская область,,,,,,6369.0,10068,3236,324698,1,1,0.0,423321,3.111248454882571,"[54.515732, 36.242368]",0.4226250727165017,0.28070624406619593,34.59871165435677,6730.138647244847
2,"г.Калуга, Кибальчича ул., 25",калуга,Калужская область,,3.1,,12.0,1.0,5553.0,10100,3436,324698,1,0,0.0,423321,2.939464493597206,"[54.580597, 36.249717]",0.3637850833268157,0.0666654652213374,41.61899410700518,6736.0784064848085
3,"г.Калуга, Пестеля ул., 60/49",калуга,Калужская область,3.0,2.2,0.0,12.0,1.0,7162.0,10099,3257,324698,0,0,0.0,423321,3.1007061713233037,"[54.510302, 36.283592]",0.3384145821102695,0.2779511871751856,33.57494821373282,6731.783582764353
4,"г.Калуга, Ленина ул., 81",калуга,Калужская область,1.0,2.0,0.0,9.0,1.0,6269.0,10096,3195,324698,1,0,0.0,423321,3.1599374021909235,"[54.512241, 36.263317]",0.3529516949244606,0.24723536236022553,33.97451932990136,6730.911554305697
5,"г.Тула, Кутузова ул., 13",тула,Тульская область,,,,,,5023.0,10100,3484,482873,1,0,0.0,387679,2.8989667049368544,"[54.21284, 37.667644]",0.7768900686205035,1.4874535706971284,0.03962224652134408,6778.649907348734
6,"г.Калуга, Фридриха Энгельса ул., 78А п.1",калуга,Калужская область,,1.2,,6.0,1.0,7703.0,10088,3243,324698,0,0,0.0,423321,3.110699969164354,"[54.507902, 36.278166]",0.08304050203374011,0.4203728706893826,33.35555936763161,6731.299963522078
7,"г.Калуга, Московская ул., 104 стр.1",калуга,Калужская область,3.0,2.2,0.0,9.0,1.0,5632.0,10100,3403,324698,0,0,0.0,423321,2.967969438730532,"[54.523095, 36.264341]",0.6942577840692808,0.38863839234726144,35.15604728479413,6731.894566885283
8,"г.Тула, Демонстрации ул., 1А",тула,Тульская область,3.0,4.8,1.0,10.0,1.0,4583.0,10095,3235,482873,1,1,0.0,387679,3.1205564142194744,"[54.192369, 37.611563]",0.4537969879063565,0.2089143649163592,0.08086548255459798,6773.962546369637
9,"г.Тула, Марата ул., 31 А",тула,Тульская область,2.0,,1.0,,,8732.0,10097,3197,482873,0,0,0.0,387679,3.158273381294964,"[54.202387, 37.646543]",0.18462308113063253,0.7072006323296193,0.17461381812879373,6776.655278133155
10,"г.Калуга, Суворова ул., 77",калуга,Калужская область,,3.2,,19.0,1.0,6487.0,10094,3194,324698,0,0,0.0,423321,3.1603005635566688,"[54.517802, 36.248378]",0.38821886524622734,0.20415747415063243,34.7504503081699,6730.623716239478
11,"г.Калуга, Ленина ул., 30",калуга,Калужская область,2.0,1.2,0.0,7.0,1.0,5156.0,10096,3228,324698,0,0,0.0,423321,3.127633209417596,"[54.527166, 36.272498]",0.5752718003114297,0.4813647706316507,35.527466557078625,6732.661135046402
12,"г.Тула, Степанова ул., 89 А",тула,Тульская область,,,,,,6686.0,10094,3187,482873,1,0,0.0,387679,3.167241920301224,"[54.203483, 37.642887]",0.26719654480468497,0.5923629428180802,0.12738920026296374,6776.553709979826
13,"г.Калуга, Победы пл, 10",калуга,Калужская область,,2.5,,14.0,1.0,9463.0,10014,3122,324698,0,0,0.0,423321,3.2075592568866114,"[54.511959, 36.274133]",0.36658681774946233,0.3862087099125719,33.83824813996043,6731.441183034019
14,"г.Тула, Кауля ул., 20/109",тула,Тульская область,6.0,,0.0,,,4112.0,10100,3475,482873,1,0,0.0,387679,2.906474820143885,"[54.17799, 37.631101]",0.6062927079656493,1.0129319959086602,0.033798345950566244,6773.789748086231
15,"г.Калуга, Братьев Луканиных ул., 1 62",калуга,Калужская область,5.0,2.2,1.0,11.0,1.0,5232.0,10097,3278,324698,0,0,0.0,423321,3.0802318486882245,"[54.496191, 36.182577]",0.8160987598394581,4.553569595792506,33.498045957214444,6725.403840226964
16,"г.Тула, Пузакова ул., 1",тула,Тульская область,,,,,,7339.0,10085,3142,482873,0,0,0.0,387679,3.2097390197326545,"[54.218437, 37.623555]",0.36596006878559323,2.2782692837765235,0.08993844635805828,6776.786092902718
17,"г.Калуга, Мичурина ул., 11",калуга,Калужская область,,,,,,7552.0,10036,2945,324698,0,1,0.0,423321,3.4078098471986418,"[54.508336, 36.273944]",0.254758717606317,0.26064023638022,33.441183109316846,6731.120937841293
18,"г.Тула, Октябрьская ул., 81",тула,Тульская область,7.0,,1.0,,,7054.0,10091,3043,482873,1,0,0.0,387679,3.316135392704568,"[54.215151, 37.62387]",0.2738348031780975,1.936238461680256,0.2125432275422694,6776.526823629196
19,"г.Калуга, Пушкина ул., 3 п.68",калуга,Калужская область,,,,,,3773.0,10094,3114,324698,0,1,0.0,423321,3.241490044958253,"[54.512136, 36.244488]",0.4226250727165017,0.20089361774290834,34.17976026622165,6729.938750241981
20,"г.Тула, Болдина ул., 98",тула,Тульская область,,,,,,5082.0,10042,3003,482873,1,1,0.0,387679,3.3439893439893438,"[54.172388, 37.573923]",0.5175632018613441,1.0762229425065755,0.09971538115678716,6770.292641364141
21,"г.Обнинск, Маркса пр-кт, 34",обнинск,Калужская область,,,,,,4982.0,10087,3159,104739,0,1,0.0,423321,3.1930990819879708,"[55.115311, 36.595002]",0.28440929467659537,0.21197479983015924,53.422337404168886,6799.541644686223
22,"г.Обнинск, Энгельса ул., 17",обнинск,Калужская область,,,,,,7836.0,10054,3075,104739,0,0,0.0,423321,3.2695934959349593,"[55.118822, 36.607722]",0.37119268417968504,0.38165281652583455,53.00820365426669,6800.489502287223
23,"г.Обнинск, Маркса пр-кт, 79",обнинск,Калужская область,,3.5,,13.0,1.0,7490.0,10096,3054,104739,0,0,0.0,423321,3.3058284217419778,"[55.121886, 36.605405]",0.37119268417968504,0.6885339259866227,53.331908996172466,6800.634366454417
24,"г.Обнинск, Аксенова ул, 16",обнинск,Калужская область,,4.399999999999999,,14.0,1.0,6109.0,10048,2978,104739,1,1,0.0,423321,3.374076561450638,"[55.116557, 36.61596]",0.4276953067964277,0.20721963970999582,52.43881000904349,6800.71432659408
25,"г.Тула, Макаренко ул., 9 Б",тула,Тульская область,,,,,,6469.0,10061,3010,482873,1,0,0.0,387679,3.3425249169435216,"[54.167144, 37.568524]",0.47207548886072076,1.0744969807213063,0.13492445561904426,6769.566473628468
26,"г.Калуга, Секиотовское кольцо ул, 5",калуга,Калужская область,,0.4,,3.0,1.0,237.0,10100,3205,324698,1,0,0.0,423321,3.151326053042122,"[54.468474, 36.237589]",1.3194110613106356,0.9838734349912466,29.53848240284774,6725.841700519837
27,"г.Калуга, Советская ул., 118Б",калуга,Калужская область,,1.3,,7.0,0.0,1734.0,10098,3194,324698,1,0,0.0,423321,3.1615529117094554,"[54.515048, 36.352619]",1.2942550764019856,3.2142724679220835,33.84936230372448,6735.727960417519
28,"г.Калуга, Максима Горького ул., 41",калуга,Калужская область,,1.6,,10.0,1.0,8197.0,9992,2831,324698,0,0,0.0,423321,3.5294948781349347,"[54.512382, 36.279765]",0.24593267150509737,0.07154275150698047,33.8356667726313,6731.765860323905
29,"г.Калуга, Калужского Ополчения ул., 2",калуга,Калужская область,4.0,1.8,0.0,7.0,1.0,1834.0,10100,3204,324698,0,0,0.0,423321,3.15230961298377,"[54.603305, 36.267333]",0.3976464958578508,2.793078778417612,43.96734545188839,6738.926745729501
30,"г.Калуга, Социалистическая ул., 11",калуга,Калужская область,4.0,2.1,0.0,9.0,1.0,4219.0,10071,3067,324698,1,0,0.0,423321,3.2836648190414084,"[54.533853, 36.256795]",0.7677643251955992,0.9105403309977689,36.41408728299173,6732.430875832288
31,"г.Тула, Революции ул., 22",тула,Тульская область,3.0,,1.0,,,7395.0,10048,3015,482873,0,0,0.0,387679,3.332669983416252,"[54.192938, 37.589087]",0.6392056435512202,0.5107216366931242,0.1377004946088698,6772.821072825075
32,"г.Новомосковск, Калинина ул., 14",новомосковск,Тульская область,,1.8,,7.0,1.0,4608.0,10059,3055,131386,1,1,0.0,387679,3.2926350245499183,"[54.008051, 38.304748]",0.9002413781156452,0.3842659327055051,0.6798473357054059,6795.5690173967805
33,"г.Тула, Калужское ш., 2",тула,Тульская область,,,,,,3971.0,10094,3096,482873,1,0,0.0,387679,3.2603359173126614,"[54.157549, 37.582152]",0.1901242456103061,0.15939042667964623,0.2153127718348941,6769.481800054777
34,"г.Калуга, Дзержинского ул., 38",калуга,Калужская область,,,,,,3148.0,10053,3083,324698,1,0,0.0,423321,3.2607849497242944,"[54.512967, 36.25251]",0.5260109465403303,0.1943642478878733,34.173120968651894,6730.420584577441
35,"г.Обнинск, Курчатова ул., 26 А",обнинск,Калужская область,,1.3,,9.0,1.0,2929.0,10098,3243,104739,0,0,0.0,423321,3.1137835337650324,"[55.106304, 36.615394]",0.8724092487737461,1.1054858689656606,51.784084106924425,6799.806661594102
36,"г.Щекино, Мира ул., 16",щёкино,Тульская область,2.0,,0.0,,,5212.0,10096,3185,58139,0,0,0.0,387679,3.1698587127158557,"[54.024013, 37.494045]",0.2523516217091589,2.0070662484208865,0.039046409957779735,6753.599618532255
37,"г.Калуга, Генерала Попова ул., 2/1 стр.4",калуга,Калужская область,6.0,3.2,0.0,11.0,1.0,2944.0,10095,3180,324698,0,0,0.0,423321,3.1745283018867925,"[54.492756, 36.219318]",0.5967666254003858,2.899769967183141,32.44751956558768,6726.988552790812
38,"г.Тула, Ленина пр-кт, 129 п.1",тула,Тульская область,5.0,,0.0,,,5730.0,10062,3106,482873,0,0,0.0,387679,3.239536381197682,"[54.15476, 37.585718]",0.25369227945637474,0.19342240028779648,0.06091518929205176,6769.43636405871
39,"г.Калуга, Хрустальная ул, 18",калуга,Калужская область,3.0,2.4,1.0,13.0,1.0,3093.0,10090,3075,324698,0,0,0.0,423321,3.28130081300813,"[54.521005, 36.299852]",0.5280374506989751,0.9982820014014742,34.64689335336343,6733.5337399868695
40,"г.Тула, М.Горького ул., 14",тула,Тульская область,2.0,,0.0,,,6043.0,10070,2987,482873,0,0,0.0,387679,3.3712755272849013,"[54.214867, 37.608347]",0.42068874873394835,1.775829807652311,0.05240867921260007,6775.681772015208
41,"г.Тула, Пушкинская ул., 57Б",тула,Тульская область,2.0,,1.0,,,8114.0,9977,2786,482873,0,1,0.0,387679,3.5811198851399855,"[54.1915, 37.5986]",0.34429425348317194,0.19989564397920995,0.10367788510910161,6773.203593505097
42,"п.Воротынск, Центральная ул., 3",воротынск,Калужская область,,,,,,2022.0,10094,3139,11288,0,0,1.0,423321,3.2156737814590635,"[54.467956, 36.040894]",1.7345981996123299,13.677808737266698,32.80934620516245,6715.742221605226
43,"г.Тула, Октябрьская ул, 48 Б",тула,Тульская область,,,,,,5223.0,9987,2939,482873,1,0,0.0,387679,3.3980945899965973,"[54.212587, 37.621759]",0.28439581681029313,1.7572740734902197,0.027425565330071944,6776.199825896831
44,"г.Щекино, Лукашина ул., 8",щёкино,Тульская область,2.0,,0.0,,,4632.0,10097,3202,58139,0,0,0.0,387679,3.1533416614615866,"[54.01922, 37.505319]",0.12251371896855691,1.1512363460279933,0.2371535839362371,6753.794724187256
45,"г.Калуга, Фомушина ул., 11",калуга,Калужская область,,3.8,,13.0,1.0,3432.0,10093,3062,324698,0,0,0.0,423321,3.296211626387982,"[54.489493, 36.206687]",0.4415101932252909,3.706993253942169,32.31825057685062,6726.06233944049
46,"г.Тула, Ленина пр-кт, 35 п.1",тула,Тульская область,2.0,4.1,0.0,15.0,,2166.0,9994,3042,482873,1,1,0.0,387679,3.2853385930309007,"[54.18837, 37.612955]",0.4537969879063565,0.07878662211103182,0.10212676731564696,6773.700431275588
47,"г.Калуга, Маяковского ул, 47А",калуга,Калужская область,,1.2,,8.0,1.0,5217.0,10040,2983,324698,0,0,0.0,423321,3.3657391887361716,"[54.528159, 36.311395]",0.10672861538115862,0.8935153857446864,35.38222187990807,6734.738093982194
48,"г.Калуга, Гурьянова ул., 7",калуга,Калужская область,,,,,,1748.0,10063,2968,324698,0,0,1.0,423321,3.390498652291105,"[54.565415, 36.242683]",1.1638731876740245,1.7353757247169295,40.02600239299863,6734.416388732978
49,"г.Ефремов, Тульское шоссе, 18 п.1-25",ефремов,Тульская область,,0.9,,5.0,1.0,4221.0,10094,3248,42350,0,0,0.0,387679,3.1077586206896552,"[53.145316, 38.098252]",0.46330816694063787,1.2273881005874494,0.056155445528917144,6712.888109490294
50,"г.Ефремов, Ленина ул., 29",ефремов,Тульская область,,1.4,,8.0,1.0,5138.0,10089,3253,42350,0,0,0.0,387679,3.1014448201660008,"[53.146002, 38.117512]",0.2288376484703046,0.33275280330095636,0.23810121287917832,6713.997208636759
51,"г.Обнинск, Ленина пр-т, 208",обнинск,Калужская область,,1.1,,7.0,1.0,3764.0,10098,3135,104739,0,0,0.0,423321,3.221052631578947,"[55.119842, 36.575895]",0.49940406214299166,1.0607688221274991,54.70056726289969,6798.95890742243
52,"г.Обнинск, Маркса пр-т, 65В",обнинск,Калужская область,,2.5,,11.0,1.0,6143.0,10056,2915,104739,0,0,0.0,423321,3.4497427101200686,"[55.120182, 36.598218]",0.4947170654768833,0.4812987440168835,53.58153905014533,6800.122824656684
53,"г.Щекино, Юбилейная ул., 19",щёкино,Тульская область,2.0,,0.0,,,5903.0,10073,3092,58139,1,0,0.0,387679,3.2577619663648125,"[54.024039, 37.497908]",0.2523516217091589,1.859616377876305,0.11409146305033552,6753.806557729884
54,"г.Тула, Николая Руднева ул, 12",тула,Тульская область,3.0,,1.0,,,3552.0,10092,3131,482873,0,0,0.0,387679,3.2232513573938038,"[54.17027, 37.600001]",0.5074762605850626,0.585019831629562,0.10120657277929468,6771.494910983924
55,"г.Калуга, Братьев Луканиных ул, 23",калуга,Калужская область,2.0,1.3,1.0,6.0,1.0,3105.0,10076,3071,324698,0,0,0.0,423321,3.281015955714751,"[54.502188, 36.175291]",0.8160987598394581,4.765316378663676,34.2811361918047,6725.5460191158845
56,"г.Тула, Михеева ул., 11",тула,Тульская область,2.0,,1.0,,,5137.0,10068,2996,482873,0,0,0.0,387679,3.3604806408544725,"[54.173305, 37.618201]",0.41247703226630056,0.19521533023169585,0.21119810569995826,6772.713333597968
57,"г.Балабаново, 50 лет Октября ул, 7",балабаново,Калужская область,,1.2,,8.0,1.0,2701.0,10099,3410,26337,0,0,0.0,423321,2.96158357771261,"[55.178979, 36.660759]",0.37299278721287144,7.447837476031779,54.86937092885025,6808.343093851367
58,"г.Калуга, Баррикад ул, 157",калуга,Калужская область,2.0,1.1,1.0,5.0,1.0,5619.0,10059,2939,324698,0,0,0.0,423321,3.4225927186117726,"[54.518742, 36.274905]",0.6374571941291753,0.47129421748953165,34.578321242571135,6732.0621762822075
59,"г.Обнинск, Курчатова ул., 6",обнинск,Калужская область,2.0,3.3,1.0,13.0,1.0,4412.0,10073,3064,104739,1,0,0.0,423321,3.287532637075718,"[55.097867, 36.613427]",0.9464601413955517,0.41691037686595134,51.3359343942052,6798.983409200398
60,"г.Калуга, Тульская ул., 20",калуга,Калужская область,,2.1,,8.0,1.0,6326.0,9966,2821,324698,0,0,0.0,423321,3.532789790854307,"[54.5098, 36.266812]",0.3529516949244606,0.2761169746299084,33.67082054190071,6730.881226659881
61,"г.Калуга, Фридриха Энгельса ул, 89 п.2",калуга,Калужская область,,1.0,,9.0,1.0,8088.0,9933,2662,324698,0,0,0.0,423321,3.731404958677686,"[54.508451, 36.279038]",0.08304050203374011,0.08304050203374011,33.40851723535166,6731.391681804542
62,"г.Обнинск, Маркса пр-кт, 30 Б",обнинск,Калужская область,,2.0,,6.0,1.0,3390.0,10052,2976,104739,0,1,0.0,423321,3.377688172043011,"[55.112813, 36.595963]",0.28440929467659537,0.430093146261509,53.20881273456004,6799.376324380094
63,"г.Тула, Советская ул, 72",тула,Тульская область,,,,,,1072.0,10036,3090,482873,1,0,0.0,387679,3.2478964401294497,"[54.190652, 37.619064]",0.47154981780943434,0.22108597851117212,0.0504802867542054,6774.215395445954
64,"г.Тула, Болдина ул",тула,Тульская область,,,,,,4456.0,10039,2974,482873,1,0,0.0,387679,3.375588433086752,"[54.177711, 37.574067]",0.13367579230786047,1.4578513395410548,0.03203180877772884,6770.747404367853
65,"г.Калуга, Маршала Жукова ул, 20 п.1",калуга,Калужская область,,0.7,,5.0,1.0,6784.0,9974,2847,324698,0,0,0.0,423321,3.503336845802599,"[54.513966, 36.282424]",0.24593267150509737,0.2863483332138605,33.988567522504304,6732.03780969028
66,"г.Балабаново, Лесная ул., 6",балабаново,Калужская область,,2.0,,8.0,1.0,3860.0,10096,3197,26337,0,0,0.0,423321,3.157960588051298,"[55.179467, 36.654947]",0.37299278721287144,7.357047848776023,55.169253102901486,6808.089452299567
67,"г.Калуга, Платова ул, 19",калуга,Калужская область,,2.5,,10.0,1.0,6693.0,10007,2766,324698,0,0,0.0,423321,3.617859725234996,"[54.532876, 36.304972]",0.6684760744624744,0.356732701052059,35.93497762695684,6734.813320994218
68,"г.Калуга, Николо-Козинская ул, 58",калуга,Калужская область,,2.1,,10.0,0.0,6200.0,9929,2623,324698,0,1,0.0,423321,3.7853602744948533,"[54.506397, 36.271842]",0.254758717606317,0.04206267749621541,33.24756479690068,6730.8470785729905
69,"г.Калуга, Московская ул., 336А",калуга,Калужская область,3.0,,0.0,,,4573.0,10066,2983,324698,0,0,0.0,423321,3.3744552463962454,"[54.57876, 36.254388]",0.3637850833268157,0.42227611234903445,41.37206739398902,6736.1595347170305
70,"г.Тула, Арсенальная ул, 5",тула,Тульская область,3.0,,1.0,,,5423.0,10050,2931,482873,0,0,0.0,387679,3.428863868986694,"[54.214635, 37.600163]",0.5327576659986603,1.6304100220564293,0.22036267397979373,6775.229427550476
71,"г.Калуга, Маяковского ул., 66",калуга,Калужская область,4.0,1.7,1.0,8.0,1.0,4357.0,10045,2928,324698,0,0,0.0,423321,3.4306693989071038,"[54.527542, 36.312662]",0.10672861538115862,0.9853636621645934,35.30844776817167,6734.750130528188
72,"г.Тула, Ложевая ул., 126",тула,Тульская область,3.0,,1.0,,,9775.0,9959,2759,482873,0,0,0.0,387679,3.6096411743385284,"[54.200949, 37.645124]",0.18462308113063253,0.561135228987846,0.05059044379395592,6776.459444536238
73,"г.Обнинск, Гагарина ул., 45",обнинск,Калужская область,2.0,,0.0,,,5602.0,10052,2897,104739,1,0,0.0,423321,3.469796341042458,"[55.120779, 36.583576]",0.17984171847088362,0.7486661037107472,54.367966362285685,6799.429663203899
74,"г.Калуга, Спартака ул, 5 п.2",калуга,Калужская область,,1.6,,8.0,1.0,4901.0,10023,2892,324698,0,0,0.0,423321,3.465767634854772,"[54.492939, 36.210083]",0.3455066408825233,3.2804798477708843,32.6252531367067,6726.531704090708
75,"г.Тула, Металлургов ул, 43",тула,Тульская область,,,,,,6036.0,9973,2829,482873,0,0,0.0,387679,3.525273948391658,"[54.188197, 37.691585]",0.5928144407302722,0.4564008725048862,0.13060212411197952,6777.850874338481
76,"г.Тула, Металлургов 2-й пр-д, 3А",тула,Тульская область,,,,,,6122.0,9984,2767,482873,0,0,0.0,387679,3.6082399710878206,"[54.191573, 37.682152]",0.6570523168200268,0.4134108041037105,0.2649288762255092,6777.634094185583
77,"г.Обнинск, Ленина пр-кт, 146",обнинск,Калужская область,,1.1,,5.0,1.0,5640.0,10053,2850,104739,0,0,0.0,423321,3.5273684210526315,"[55.115038, 36.587223]",0.38132102963563747,0.29009416088385187,53.80377206594002,6799.122725624605
78,"г.Калуга, Тарутинская ул., 184 Б",калуга,Калужская область,,0.3,,2.0,1.0,2573.0,10053,2987,324698,0,0,0.0,423321,3.365584198192166,"[54.569747, 36.308305]",0.48586400066688684,3.773752559797077,40.009799873135854,6738.144177843874
79,"г.Калуга, Дорожная ул., 6",калуга,Калужская область,,1.8,,7.0,1.0,3086.0,10060,2945,324698,0,0,0.0,423321,3.4159592529711373,"[54.599805, 36.266066]",0.3976464958578508,2.4084774245610885,43.59074144134524,6738.5617458173365
80,"г.Калуга, Ленина ул., 70",калуга,Калужская область,,1.9,,10.0,0.0,6045.0,9973,2782,324698,0,0,0.0,423321,3.5848310567936736,"[54.516793, 36.265069]",0.5186388658479356,0.36145269488900295,34.45644491755187,6731.391512981545
81,"г.Обнинск, Гагарина ул., 30",обнинск,Калужская область,,2.2,,11.0,1.0,5225.0,10023,2881,104739,0,0,0.0,423321,3.479000347101701,"[55.120084, 36.590142]",0.25041592209143543,0.40236016792578266,53.98637043339683,6799.703831621373
82,"п.Заокский, Поленова ул.",заокский,Тульская область,,,,,,354.0,10100,3238,7117,0,0,0.0,387679,3.1192093885114267,"[54.737658, 37.396524]",14.071582148206035,31.029253779090606,0.3766178033666198,6808.628516629926
83,"рп.Плеханово, Заводская ул., 14А",плеханово,Тульская область,,,,,,2071.0,10099,3187,9171,0,0,0.0,387679,3.1688107938500156,"[54.24424, 37.56353]",2.888916410236101,5.256359417498834,0.10360032564213681,6775.781030134361
84,"г.Тула, Хворостухина ул., 3",тула,Тульская область,4.0,,1.0,,,6226.0,9984,2701,482873,0,0,0.0,387679,3.696408737504628,"[54.209291, 37.687273]",0.6343846002563132,0.2737172136008858,0.3216276033783432,6779.391824991225
85,"г.Тула, Гоголевская ул., 69",тула,Тульская область,2.0,,0.0,,,6274.0,9971,2780,482873,0,0,0.0,387679,3.5866906474820146,"[54.188607, 37.600486]",0.34429425348317194,0.30303594845398935,0.3715916756547885,6773.060428142452
86,"г.Новомосковск, Октябрьская ул., 11/14",новомосковск,Тульская область,,0.6,,6.0,1.0,4235.0,10037,2957,131386,0,0,0.0,387679,3.394318566114305,"[54.00694, 38.291102]",0.3088475678192371,0.7339547483131718,1.017011949932435,6794.7423804247555
87,"г.Алексин, Тульская ул., 131 А",алексин,Тульская область,2.0,,0.0,,,3365.0,10088,3069,61732,0,0,0.0,387679,3.2870641902899966,"[54.509737, 37.116717]",0.3910947318929529,0.12546226768403224,0.3705209035028633,6774.760401133018
88,"г.Щекино, Ленина ул., 53",щёкино,Тульская область,,,,,,3938.0,10087,3091,58139,0,0,0.0,387679,3.263345195729537,"[54.013829, 37.517832]",0.453335031953207,0.5041553469076591,0.1441320772969183,6754.005603079185
89,"г.Узловая, Гагарина ул, стр.87",узловая,Тульская область,,,,,,4310.0,10031,2965,55282,1,0,0.0,387679,3.3831365935919058,"[53.978583, 38.151863]",0.5348382376354814,0.5250661089651343,0.5174872611112248,6784.899975614466
90,"г.Донской, Октябрьская ул., 78/15",донской,Тульская область,,,,,,3611.0,10081,3110,64552,0,0,0.0,387679,3.2414790996784566,"[53.967425, 38.308485]",0.8055032449706996,0.7733663166747664,0.5589168815187334,6792.397431194819
91,"г.Калуга, Гурьянова ул., 69",калуга,Калужская область,,2.5,,12.0,1.0,2957.0,10074,2962,324698,0,0,0.0,423321,3.401080351114112,"[54.568474, 36.225417]",0.09989946506642979,2.0188272865990213,40.563892702638825,6733.796494989168
92,"г.Тула, Кутузова ул, 102",тула,Тульская область,,,,,,4928.0,10001,2827,482873,0,0,0.0,387679,3.5376724442872303,"[54.193528, 37.691683]",0.5928144407302722,0.2690537641159551,0.07846776948637499,6778.303215075273
93,"г.Тула, Гоголевская ул, 73 п.9",тула,Тульская область,2.0,,0.0,,,6772.0,9943,2695,482873,0,0,0.0,387679,3.6894248608534324,"[54.18218, 37.617995]",0.4347552467776806,0.7284242141211982,0.5287320154949805,6773.447509433025
94,"г.Тула, Демидовская ул., 68",тула,Тульская область,,,,,,6227.0,9933,2682,482873,1,0,0.0,387679,3.703579418344519,"[54.214841, 37.619692]",0.2738348031780975,2.0404151854832624,0.17138952306398633,6776.279742619093
95,"г.Калуга, Постовалова ул, 12",калуга,Калужская область,,2.3,,9.0,1.0,3749.0,10018,2870,324698,0,0,0.0,423321,3.4905923344947736,"[54.508869, 36.294803]",0.7410714730234461,1.0020406651707394,33.334837830826395,6732.2350659401445
96,"г.Обнинск, Курчатова ул, 56",обнинск,Калужская область,,,,,,5063.0,9982,2728,104739,0,0,0.0,423321,3.659090909090909,"[55.11874, 36.622284]",0.46973330290300563,0.5764324071941799,52.26822047671479,6801.223143829972
97,"г.Калуга, Тарутинская ул., 105Г",калуга,Калужская область,2.0,1.3,0.0,8.0,1.0,2413.0,10053,2883,324698,1,0,0.0,423321,3.4869927159209158,"[54.55654, 36.29236]",0.5679318147778777,2.495110154245743,38.625780019165724,6736.196001593201
98,"г.Венев, Бундурина ул., 7",венёв,Тульская область,,,,,,1045.0,10099,3102,15224,1,0,0.0,387679,3.2556415215989682,"[54.350778, 38.261593]",0.4430171450516657,36.133763379907656,0.13960530900072154,6821.764229952341
99,"г.Тула, Путейская ул., 3",тула,Тульская область,3.0,,0.0,,,2042.0,9931,2693,482873,1,0,1.0,387679,3.6877088748607503,"[54.198047, 37.579169]",0.4954256205885647,0.1605810211140585,0.0739861228630402,6772.7256581141655
100,"г.Обнинск, Кутузова ул, 9",обнинск,Калужская область,2.0,1.9,0.0,12.0,1.0,3170.0,10062,2901,104739,0,0,0.0,423321,3.468459152016546,"[55.102277, 36.597508]",1.0830532418923684,0.7433247824172227,52.44592287438315,6798.55156950957
101,"г.Новомосковск, Дружбы-Мира, 1/24",новомосковск,Тульская область,,1.1,,7.0,1.0,3682.0,10016,2940,131386,0,0,0.0,387679,3.4068027210884355,"[54.010993, 38.290896]",0.35043005930139814,0.30749526683596884,0.589740166709711,6795.0679142145345
102,"г.Алексин, 50 лет Октября ул., 5",алексин,Тульская область,,1.3,,8.0,1.0,3996.0,10058,3028,61732,0,0,0.0,387679,3.321664464993395,"[54.522484, 37.078377]",0.13815540595662087,1.2322616895740595,0.23706148147309786,6773.846004575907
103,"г.Алексин, Арматурная ул., 10/16",алексин,Тульская область,,1.1,,9.0,1.0,3579.0,10074,3009,61732,0,0,0.0,387679,3.3479561316051845,"[54.520383, 37.04504]",0.5997253652452809,3.109334388201388,0.4663330668562692,6771.9344322890265
104,"г.Тула, Большая ул, 8А",тула,Тульская область,,,,,,1335.0,10069,2918,482873,0,0,0.0,387679,3.4506511309115835,"[54.24806, 37.607511]",1.8189355435690953,5.3759906677519265,0.1930956102443918,6778.425820429203
105,"г.Тула, Городской пер., 54",тула,Тульская область,,,,,,2191.0,10051,2908,482873,0,0,0.0,387679,3.456327372764787,"[54.15736, 37.607646]",1.456783762411677,1.5500955785451749,0.45139060639882445,6770.815783756011
106,"г.Калуга, Энтузиастов б-р, 2 Б",калуга,Калужская область,,1.1,,4.0,1.0,2322.0,10053,2896,324698,0,0,0.0,423321,3.471339779005525,"[54.569831, 36.271375]",0.1530303532869189,1.8922230985876833,40.24094335573553,6736.26211562841
107,"г.Калуга, Азаровская ул, 24",калуга,Калужская область,,1.3,,7.0,1.0,1526.0,10003,2859,324698,0,0,0.0,423321,3.4987757957327736,"[54.564439, 36.261467]",0.7381109537740033,1.979842420650566,39.73067727535983,6735.292997357492
108,"г.Богородицк, Урицкого ул., 25",богородицк,Тульская область,,1.1,,7.0,1.0,3534.0,10090,3051,31897,0,0,0.0,387679,3.30711242215667,"[53.772477, 38.126315]",0.42739901671667574,0.2734358700145759,0.823928497037321,6766.389697068022
109,"г.Калуга, Московская ул., 231",калуга,Калужская область,,0.5,,3.0,0.0,2415.0,10019,2828,324698,0,0,0.0,423321,3.542786421499293,"[54.536956, 36.270423]",0.5596185721735744,0.3787537879417554,36.624146253830894,6733.394305996621
110,"г.Калуга, Грабцевское ш., 85",калуга,Калужская область,2.0,1.2,0.0,6.0,1.0,1493.0,10026,2809,324698,0,0,0.0,423321,3.569241723033108,"[54.544885, 36.325256]",1.6830503969556703,1.5412452722275105,37.19287644898627,6736.881329829465
111,"г.Тула, Калужское ш., 1",тула,Тульская область,,,,,,4286.0,9969,2764,482873,1,0,0.0,387679,3.606729377713459,"[54.155841, 37.582287]",0.1901242456103061,0.06742056105609802,0.19482557165247158,6769.3455079853375
112,"г.Тула, Пушкина ул., 9",тула,Тульская область,,,,,,3462.0,10005,2820,482873,0,0,0.0,387679,3.547872340425532,"[54.118326, 37.547621]",2.8352003257481195,3.4663894813509697,0.21458005082026174,6764.3594544343
113,"г.Узловая, Пушкина ул., 12",узловая,Тульская область,2.0,,0.0,,,3991.0,10071,3041,55282,0,0,0.0,387679,3.311739559355475,"[53.980659, 38.184032]",0.7214615409908414,1.4110820994608058,0.6088978429264927,6786.800807687342
114,"г.Донской, Центральный мкр, Заводская ул., 9 А",донской,Тульская область,,0.2,,3.0,,2523.0,10040,3028,64552,1,0,0.0,387679,3.3157199471598413,"[53.966879, 38.32584]",0.4728468803165534,0.38977236367618123,0.5693455686444392,6793.287238746662
115,"г.Донской, Новая ул., 64",донской,Тульская область,,,,,,2089.0,9992,2842,64552,0,0,1.0,387679,3.5158339197748063,"[53.970423, 38.319696]",0.5628424252240446,0.26108255563613314,0.3879889601102287,6793.250277509881
116,"г.Калуга, Анненки ул., 18 пом.4",калуга,Калужская область,2.0,1.4,0.0,8.0,1.0,2164.0,10033,2851,324698,0,0,0.0,423321,3.5191160996141706,"[54.535896, 36.164619]",3.6925282722507315,5.723175346511335,38.053125124539775,6727.894428864107
117,"г.Тула, Федора Смирнова ул., 5 к.2",тула,Тульская область,2.0,,1.0,,,3900.0,10009,2844,482873,0,0,0.0,387679,3.519338959212377,"[54.200286, 37.585754]",0.4954256205885647,0.3570114213614819,0.10368393329225328,6773.262015791199
118,"г.Тула, Кауля ул, 62А",тула,Тульская область,1.0,,0.0,,,3648.0,10027,2842,482873,0,0,0.0,387679,3.528149190710767,"[54.176104, 37.62236]",0.41247703226630056,0.4066911279015747,0.13018935059745768,6773.168537172343
119,"г.Тула, Седова ул., 26",тула,Тульская область,2.0,,0.0,,,3338.0,10043,2842,482873,0,0,0.0,387679,3.5337790288529205,"[54.173537, 37.565362]",0.5716685841650836,1.5719232966045678,0.17670936370780815,6769.936246422703
120,"г.Калуга, Советская ул, 5А",калуга,Калужская область,2.0,1.3,1.0,9.0,1.0,887.0,9987,2809,324698,1,0,0.0,423321,3.5553577785688857,"[54.514995, 36.332568]",1.0484549773522343,2.1495630627663975,33.855277826651786,6734.695318033589
121,"г.Тула, Вильямса ул, 6",тула,Тульская область,4.0,,0.0,,,4081.0,9987,2799,482873,0,0,0.0,387679,3.568060021436227,"[54.204041, 37.683455]",0.6343846002563132,0.4379278828706266,0.11221056619011707,6778.749098182151
122,"г.Калуга, Пролетарская ул., 21",калуга,Калужская область,1.0,1.3,1.0,5.0,1.0,4937.0,9955,2703,324698,0,0,0.0,423321,3.682944876063633,"[54.521172, 36.246806]",0.38821886524622734,0.25448783393053154,35.137498240730835,6730.832274749138
123,"г.Калуга, Ленина ул, 8",калуга,Калужская область,1.0,1.1,0.0,4.0,,2127.0,9936,2680,324698,0,0,1.0,423321,3.707462686567164,"[54.533263, 36.276316]",0.5596185721735744,0.35106360855302415,36.16685982175823,6733.37928488173
124,"г.Калуга, Болотникова ул, 21",калуга,Калужская область,,1.2,,4.0,1.0,3595.0,9970,2763,324698,0,0,0.0,423321,3.608396670285921,"[54.51984, 36.287554]",0.28888446856305483,0.3403654295397899,34.59798282116031,6732.804010825438
125,"г.Обнинск, Маркса пр-кт, 114",обнинск,Калужская область,,2.3,,12.0,1.0,3870.0,9970,2794,104739,1,0,0.0,423321,3.5683607730851827,"[55.124418, 36.614675]",0.6532042132600867,0.7502885647590642,53.03798855788541,6801.322850863776
126,"г.Новомосковск, Школьная ул, 21А",новомосковск,Тульская область,,1.1,,6.0,1.0,3295.0,10016,2871,131386,0,0,0.0,387679,3.488679902473006,"[54.007591, 38.260802]",0.5908435315768621,1.9022004906650067,0.8993432934671842,6793.166476377816
127,"г.Узловая, Беклемищева ул., 34",узловая,Тульская область,,,,,,3343.0,10036,2929,55282,0,0,0.0,387679,3.4264254011608055,"[53.982242, 38.157172]",0.3946728931066079,0.337767248492946,0.41793610145571386,6785.4895117370115
128,"г.Щекино, Энергетиков ул., 13",щёкино,Тульская область,,,,,,3076.0,10031,2843,58139,1,0,0.0,387679,3.528315160042209,"[54.010512, 37.521866]",0.453335031953207,0.5464687408331121,0.15489739901328065,6753.941096406748
129,"г.Калуга, д.Шопино",калуга,Калужская область,,,,,,680.0,10020,2859,324698,0,0,0.0,423321,3.5047219307450157,"[54.494664, 36.158619]",1.3634368268427581,6.047708539425347,33.86643383731796,6724.048023861518
130,"г.Тула, Перекопская ул, 9",тула,Тульская область,2.0,,0.0,,,2831.0,10017,2824,482873,0,0,0.0,387679,3.5470963172804533,"[54.16999, 37.623079]",0.4865006845474855,0.6806212663717693,0.5816379103792952,6772.693377096781
131,"г.Калуга, Дорожная ул, 34",калуга,Калужская область,,0.7999999999999999,,6.0,0.0,1794.0,9991,2774,324698,0,0,0.0,423321,3.601658255227109,"[54.596645, 36.271375]",0.49032465230667904,2.304139624972565,43.201523193786464,6738.561980199119
132,"г.Калуга, Гурьянова ул, 28 А",калуга,Калужская область,,0.6,,4.0,0.0,2654.0,9999,2766,324698,0,0,0.0,423321,3.6149674620390457,"[54.569283, 36.224743]",0.09989946506642979,1.9931689789243092,40.6606145880075,6733.8314824336785
133,"г.Людиново, Маяковского ул., 3",людиново,Калужская область,,2.6,,12.0,1.0,3620.0,10024,2969,40530,0,0,0.0,423321,3.3762209498147526,"[53.859918, 34.443294]",0.29589109999072877,135.74747477919678,69.4965553159141,6582.308093531277
134,"г.Калуга, Тарутинская ул, 225",калуга,Калужская область,,2.4,,13.0,1.0,2946.0,9996,2736,324698,0,0,0.0,423321,3.6535087719298245,"[54.573918, 36.310551]",0.48586400066688684,4.05649934848498,40.46385019813878,6738.616657494442
135,"г.Калуга, Московская ул, 251",калуга,Калужская область,,1.0,,9.0,1.0,492.0,10005,2963,324698,0,0,0.0,423321,3.3766452919338508,"[54.551763, 36.26815]",1.4739057222016443,2.0317227912993485,38.27528744119922,6734.5476812959605
136,"г.Тула, Одоевское ш, 17А",тула,Тульская область,,,,,,2487.0,9990,2811,482873,0,0,0.0,387679,3.5538954108858056,"[54.195113, 37.558095]",1.1835060151179269,1.568114370916701,0.057586539254810123,6771.364817187716
137,"г.Тула, Скуратовский мкр, 7",тула,Тульская область,,,,,,1909.0,10035,2804,482873,0,0,0.0,387679,3.5788159771754637,"[54.098563, 37.58809]",0.6623700385617445,5.377103369882421,0.13936032493345812,6764.844028946216
138,"г.Новомосковск, Бережного ул, 3",новомосковск,Тульская область,,0.5,,4.0,0.0,2369.0,9932,2743,131386,0,0,1.0,387679,3.6208530805687205,"[54.014808, 38.280861]",0.39972740860040196,0.3704961090624052,0.37176847639828375,6794.844936198979
139,"г.Новомосковск, мкр.Сокольники, Шахтерская ул, 4",новомосковск,Тульская область,,0.7999999999999999,,4.0,0.0,2330.0,10092,3032,500,0,0,0.0,387679,3.3284960422163588,"[54.063347, 38.474853]",7.8265831030649355,12.616893871215641,0.1435595984302183,6809.320277469363
140,"г.Новомосковск, Рудничная ул., 17В",новомосковск,Тульская область,1.0,,0.0,,,2639.0,10029,2912,131386,0,0,0.0,387679,3.4440247252747254,"[54.043494, 38.250813]",0.9855638089801576,2.050446891374126,0.37312875752016705,6795.613308090643
141,"г.Обнинск, Пирогова ул, 18А",обнинск,Калужская область,,1.1,,6.0,1.0,1972.0,10058,2873,104739,0,0,0.0,423321,3.5008701705534286,"[55.091438, 36.602647]",0.51597409850952,0.7487709719142583,51.49044355768235,6797.883813171907
142,"г.Щекино, Пионерская ул, 22",щёкино,Тульская область,,,,,,2239.0,10069,2993,58139,0,0,0.0,387679,3.3641830938857336,"[53.998542, 37.519854]",0.4941503169449496,1.1285734697571927,0.675879463611951,6752.829495862426
143,"г.Алексин, Ленина ул., 26",алексин,Тульская область,,0.9,,6.0,1.0,2669.0,10073,3011,61732,0,0,0.0,387679,3.3454001992693456,"[54.496563, 37.067211]",0.4065646474024767,2.6017233701978055,0.7237641418935669,6771.0669242112535
144,"г.Щекино, Лукашина ул., 6",щёкино,Тульская область,,,,,,4226.0,9979,2865,58139,1,0,0.0,387679,3.4830715532286214,"[54.018358, 37.506487]",0.12251371896855691,1.0311107007584297,0.11583710173222138,6753.7842651035135
145,"г.Алексин, Героев Алексинцев ул., 5",алексин,Тульская область,,,,,,3394.0,9997,2900,61732,0,0,0.0,387679,3.447241379310345,"[54.50418, 37.065019]",0.39810563523532466,2.1243061751627215,0.18442178198088768,6771.598860080362
146,"г.Киреевск, Чехова ул., 10",киреевск,Тульская область,,,,,,5468.0,10027,2877,25557,0,0,0.0,387679,3.4852276677094194,"[53.923933, 37.93351]",0.2956663257643893,16.042996777886597,1.3725036401955713,6768.636927510274
147,"г.Калуга, Валентины Никитиной ул., 21 Б",калуга,Калужская область,2.0,1.0,0.0,6.0,1.0,2544.0,9989,2797,324698,0,0,0.0,423321,3.5713264211655344,"[54.551653, 36.29492]",0.37429263638705534,1.930742912254454,38.06959511112121,6735.908074893042
148,"г.Киров, Фурманова ул., 7",киров,Калужская область,1.0,1.8,0.0,11.0,1.0,1950.0,10087,3035,31882,0,0,0.0,423321,3.3235584843492587,"[54.066824, 34.295081]",1.5767226329854465,134.67188446822377,92.28354260222937,6593.034669873214
149,"г.Тула, Максима Горького ул, 10 Д",тула,Тульская область,4.0,,0.0,,,5457.0,9938,2643,482873,0,0,0.0,387679,3.7601210745365115,"[54.213998, 37.614644]",0.34135183460341084,1.882929840052756,0.1683289359601469,6775.941889201241
150,"г.Балабаново, Боровская ул., 56",балабаново,Калужская область,,,,,,1424.0,10099,2970,26337,0,0,0.0,423321,3.4003367003367004,"[55.184012, 36.648829]",0.6374064933644087,7.708467717075453,55.800960627391504,6808.168088133463
151,"г.Белоусово, Московская ул., 82",белоусово,Калужская область,,,,,,1379.0,10097,2962,8412,0,0,0.0,423321,3.4088453747467926,"[55.092891, 36.664702]",0.545600683367101,2.9385013434229816,48.3778140207736,6801.167677254574
152,"г.Обнинск, Ленина пр-кт, 207,п.133 п.134,136",обнинск,Калужская область,2.0,2.2,1.0,11.0,1.0,2455.0,10051,2833,104739,0,0,0.0,423321,3.5478291563713378,"[55.111634, 36.58795]",0.38132102963563747,0.14176229450921704,53.54459519224813,6798.867789369494
153,"г.Новомосковск, Донской пр-д, 3",новомосковск,Тульская область,,0.7999999999999999,,5.0,1.0,4086.0,9929,2654,131386,1,0,0.0,387679,3.7411454408440092,"[54.032083, 38.274133]",0.3995398456553263,1.1680094705715205,0.37400782470461713,6795.91832644078
154,"г.Новомосковск, Мира ул, 22А",новомосковск,Тульская область,,0.7999999999999999,,4.0,1.0,3478.0,9972,2783,131386,1,0,0.0,387679,3.583183614804168,"[54.019257, 38.265428]",0.5377317726620839,0.8179806682613697,0.6918535822366548,6794.384564415846
155,"г.Алексин, 50 лет Октября ул, 8 кв.1-9,11-",алексин,Тульская область,,,,,,5046.0,9935,2760,61732,0,0,0.0,387679,3.5996376811594204,"[54.523529, 37.079535]",0.13815540595662087,1.2648461757262288,0.10323740987131251,6773.994855666615
156,"г.Калуга, Хрустальная ул, 60А пом.1",калуга,Калужская область,,0.7999999999999999,,5.0,1.0,2748.0,9959,2777,324698,0,0,0.0,423321,3.586244148361541,"[54.521496, 36.30799]",0.5280374506989751,1.5025878004717854,34.65851043668304,6733.992707564141
157,"г.Кременки, Победы ул., 2",кремёнки,Калужская область,,1.3,,7.0,1.0,3038.0,10060,2892,11582,0,0,0.0,423321,3.4785615491009683,"[54.887963, 37.120777]",0.6803024840943921,39.48533456338317,11.434574096865859,6807.073549538819
158,"г.Людиново, 20 лет Октября ул., 69А стр.1",людиново,Калужская область,,,,,,3546.0,10014,2846,40530,0,0,0.0,423321,3.5186226282501756,"[53.838363, 34.405565]",3.373073794890551,139.09993143749213,66.9221825145614,6578.536543512103
159,"г.Калуга, Грабцевское ш., 18",калуга,Калужская область,1.0,0.4,0.0,2.0,,1692.0,9933,2692,324698,0,0,0.0,423321,3.6898216939078754,"[54.521246, 36.28379]",0.28888446856305483,0.2774453831453347,34.78135766605552,6732.731770709658
160,"г.Калуга, Сиреневый б-р, 14 п.магазин",калуга,Калужская область,,2.4,,9.0,1.0,3848.0,9959,2669,324698,0,0,0.0,423321,3.731360059947546,"[54.495653, 36.207478]",0.3455066408825233,3.2076699157102633,32.96164545831632,6726.631249712256
161,"г.Калуга, Энтузиастов б-р, 1",калуга,Калужская область,,0.7999999999999999,,5.0,1.0,3105.0,9939,2650,324698,0,0,0.0,423321,3.750566037735849,"[54.568568, 36.270432]",0.1530303532869189,1.9399630286708145,40.1091044378253,6736.105573184681
162,"г.Тула, Московская ул, 34",тула,Тульская область,,,,,,3514.0,9917,2479,482873,0,1,0.0,387679,4.00040338846309,"[54.176963, 37.572459]",0.13367579230786047,1.5471293185351072,0.11215944257386534,6770.599500308781
163,"г.Новомосковск, Мира ул, 10А",новомосковск,Тульская область,,0.7999999999999999,,6.0,1.0,2150.0,9928,2622,131386,0,0,1.0,387679,3.7864225781845917,"[54.015644, 38.270899]",0.5377317726620839,0.9978808487008317,0.552529601172511,6794.378577118961
164,"г.Новомосковск, Вахрушева ул, 63А",новомосковск,Тульская область,,,,,,2360.0,9945,2635,131386,0,0,1.0,387679,3.774193548387097,"[54.007088, 38.269803]",0.5908435315768621,1.4031379678918314,0.4817822783846838,6793.608798119328
165,"г.Обнинск, Привокзальная ул., 1",обнинск,Калужская область,,,,,,2494.0,9973,2796,104739,1,0,0.0,423321,3.566881258941345,"[55.050994, 36.556428]",1.180776019906082,6.099592489254613,51.66948474294946,6792.064708746449
166,"г.Щекино, Льва Толстого ул., 25",щёкино,Тульская область,,,,,,2167.0,10039,2957,58139,0,0,0.0,387679,3.3949949272911737,"[54.005014, 37.512667]",0.4216472720542318,0.30257883738953734,0.32881954429269583,6752.9915585697545
167,"рп.Первомайск, Улитина пр-кт, 11",первомайский,Тульская область,,,,,,1731.0,10064,3015,10058,0,0,0.0,387679,3.3379767827529023,"[54.037297, 37.505579]",1.5570259908516093,3.0726957546720874,0.05554288977237685,6755.326654269318
168,"г.Тула, Генерала Маргелова ул., 9 стр.1",тула,Тульская область,3.0,,0.0,,,2115.0,10005,2781,482873,0,0,0.0,387679,3.597626752966559,"[54.148137, 37.571624]",0.7881189901969188,0.23921311009117546,0.2738375813230639,6768.134040256743
169,"г.Суворов, Кирова ул, 5",суворов,Тульская область,,,,,,3170.0,10022,2920,18973,0,0,0.0,387679,3.432191780821918,"[54.122067, 36.501353]",0.45823968278487204,41.595138604999555,0.4002948054212267,6709.831705535828
170,"г.Плавск, Коммунаров ул., 72 А",плавск,Тульская область,,,,,,1747.0,10080,3013,16165,0,0,0.0,387679,3.34550282110853,"[53.702745, 37.286624]",0.4927891683518214,37.00853493732422,0.10707788833679284,6715.600803869601
171,"г.Венев, Южный мкр, 45",венёв,Тульская область,,,,,,1672.0,10085,3008,15224,0,0,0.0,387679,3.3527260638297873,"[54.346695, 38.247202]",1.037312428393721,35.68893821517696,0.7165980590201741,6820.655854525759
172,"г.Белев, Рабочая ул., 98А",белёв,Тульская область,,,,,,1907.0,10093,2971,13918,0,0,0.0,387679,3.3971726691349713,"[53.818541, 36.145925]",1.3924960291144415,72.41750938124646,0.17496330548683717,6665.4977360747935
173,"г.Белоусово, Гурьянова ул, 20/1",белоусово,Калужская область,,0.7999999999999999,,6.0,1.0,2648.0,10063,2964,8412,0,0,0.0,423321,3.3950742240215925,"[55.088146, 36.662519]",0.3487492569814632,2.907254746236229,48.172631385529684,6800.650053352621
174,"г.Малоярославец, Российских Газовиков ул, 9",малоярославец,Калужская область,,1.7,,6.0,1.0,1191.0,10074,2932,30392,0,0,0.0,423321,3.4358799454297406,"[55.001148, 36.455862]",0.66252704126052,1.0873806401972068,55.26290213286583,6782.673879091858
175,"с.Детчино, Московская ул, 2В",детчино,Калужская область,,,,,,794.0,10098,2928,5010,0,0,0.0,423321,3.4487704918032787,"[54.810066, 36.310802]",1.0490555399543138,24.181665323726993,53.05694191212434,6758.890067701801
176,"г.Новомосковск, Бережного ул., 12Б",новомосковск,Тульская область,3.0,,1.0,,,3834.0,9964,2836,131386,0,0,0.0,387679,3.5133991537376588,"[54.014099, 38.289988]",0.35043005930139814,0.1306561226285604,0.2730931905929639,6795.277036911898
177,"г.Балабаново, Московская ул., 21В",балабаново,Калужская область,,,,,,833.0,10097,2920,26337,0,0,0.0,423321,3.4578767123287673,"[55.183354, 36.676964]",1.1380771674896402,8.342150134158986,54.49597224693414,6809.542015620145
178,"с.Льва Толстого, Пушкина ул, 38",льва толстого,Калужская область,,,,,,1078.0,10064,2902,3681,0,0,0.0,423321,3.4679531357684357,"[54.609104, 36.041011]",1.4676452023283684,13.748127284789591,48.41723305938113,6727.887626349271
179,"г.Малоярославец, Московская ул., 66",малоярославец,Калужская область,,1.2,,5.0,1.0,1534.0,10092,2867,30392,0,0,0.0,423321,3.5200558074642485,"[55.015635, 36.486198]",1.0350555742481289,1.2239211308911864,54.03919636809132,6785.459478933257
180,"п.Жилетово, б/у, 6А пом.7",жилетово,Калужская область,,,,,,1341.0,9965,2719,3090,0,0,1.0,423321,3.6649503493931594,"[54.692859, 36.022093]",1.9663643099980355,19.193173937735576,57.5946819731038,6734.1368535699885
181,"г.Новомосковск, Демкина ул., 7А",новомосковск,Тульская область,2.0,,0.0,,,3852.0,9951,2712,131386,0,0,0.0,387679,3.6692477876106193,"[54.027376, 38.266165]",0.705498469379239,0.45177369109123094,0.5438393385570998,6795.098825734872
182,"г.Новомосковск, Маяковского ул, 18",новомосковск,Тульская область,,0.7,,4.0,1.0,3134.0,9977,2743,131386,0,0,0.0,387679,3.637258476121035,"[54.004199, 38.291866]",0.3088475678192371,1.0421646763942065,1.1467811195726345,6794.555849604253
183,"г.Новомосковск, Трудовой проезд, 2Б",новомосковск,Тульская область,,0.3,,2.0,1.0,5279.0,9914,2464,131386,0,0,0.0,387679,4.023538961038961,"[54.033252, 38.279918]",0.15799320598216565,1.553551695544428,0.09080889408609943,6796.326492479276
184,"г.Обнинск, Гагарина ул, 52 п374,п375",обнинск,Калужская область,,1.5,,5.0,1.0,3190.0,9958,2651,104739,0,0,0.0,423321,3.7563183704262544,"[55.120187, 36.586208]",0.17984171847088362,0.5752648376053269,54.19421152892997,6799.512680851137
185,"г.Новомосковск, Комсомольская/Октябрьская ул, 34/25",новомосковск,Тульская область,,2.1,,16.0,1.0,3656.0,9936,2725,131386,0,0,0.0,387679,3.646238532110092,"[54.017834, 38.292135]",0.4383617127267415,0.3945972935511439,0.27885581993811714,6795.702769159633
186,"г.Новомосковск, Трудовой проезд, 9Г",новомосковск,Тульская область,,0.2,,1.0,,3789.0,9970,2746,131386,0,0,0.0,387679,3.6307356154406407,"[54.034516, 38.278813]",0.15799320598216565,1.575061027737945,0.24048480370883368,6796.372099203128
187,"г.Узловая, Трегубова ул., 33",узловая,Тульская область,,,,,,3124.0,9981,2821,55282,0,0,0.0,387679,3.5381070542360864,"[53.981009, 38.162832]",0.3946728931066079,0.25788334426265824,0.2854222094670285,6785.690945178985
188,"г.Суворов, Тульская ул., 13",суворов,Тульская область,,1.1,,6.0,1.0,3684.0,10034,2875,18973,0,0,0.0,387679,3.490086956521739,"[54.117476, 36.50809]",0.5738476171314614,42.2361775738937,0.27396396938897577,6709.790152187261
189,"г.Богородицк, Пушкинская ул., 14",богородицк,Тульская область,,0.7,,5.0,1.0,3250.0,9995,2873,31897,0,0,0.0,387679,3.478941872607031,"[53.769433, 38.130286]",0.42739901671667574,0.28909576696584033,0.42323280479171776,6766.35094560323
190,"г.Киреевск, Гагарина ул., 10",киреевск,Тульская область,,1.5,,7.0,1.0,4692.0,10002,2786,25557,0,0,0.0,387679,3.5900933237616655,"[53.926563, 37.934175]",0.2956663257643893,15.891610297340721,1.1257858853579543,6768.891917180627
191,"г.Суворов, Ленинского Юбилея ул, 2Б",суворов,Тульская область,,0.5,,4.0,0.0,3032.0,10010,2868,18973,0,0,0.0,387679,3.4902370990237097,"[54.122437, 36.510516]",0.5738476171314614,41.791830743954435,0.15007177158346915,6710.338714544157
192,"г.Тула, Оборонная ул, 25",тула,Тульская область,1.0,,0.0,,,1042.0,9945,2763,482873,0,0,0.0,387679,3.599348534201954,"[54.185863, 37.624714]",0.5990500656653894,0.46426857487634465,0.04671643744812173,6774.112436593489
193,"г.Калуга, Зерновая ул., 15 Г",калуга,Калужская область,1.0,0.3,0.0,2.0,1.0,859.0,9964,2760,324698,0,0,0.0,423321,3.610144927536232,"[54.544363, 36.299178]",0.5080493830052772,1.081893308211408,37.238197318325156,6735.501151408906
194,"г.Калуга, Ромодановские Дворики ул, 59",калуга,Калужская область,,0.3,,3.0,1.0,420.0,10019,2753,324698,0,0,0.0,423321,3.639302579004722,"[54.486935, 36.244794]",1.7681563394313027,2.2935228099953275,31.432294757216017,6727.793491130012
195,"г.Тула, Серебровская ул., 16 В",тула,Тульская область,,,,,,1464.0,9981,2742,482873,0,0,0.0,387679,3.640043763676149,"[54.184018, 37.568057]",0.5649802792208288,1.1968971242903126,0.3372874083958774,6770.959342271223
196,"г.Калуга, 40-летия Октября ул, 3",калуга,Калужская область,,,,,,768.0,9960,2694,324698,0,0,0.0,423321,3.6971046770601337,"[54.515999, 36.316417]",0.8181876815921826,1.6781120188279643,34.01244691979883,6733.953501527962
197,"г.Калуга, В.Никитиной ул, 37А",калуга,Калужская область,,0.4,,2.0,0.0,1885.0,9927,2602,324698,0,0,0.0,423321,3.815142198308993,"[54.548901, 36.298262]",0.37429263638705534,1.5648918765273845,37.74598481160923,6735.843238253282
198,"г.Калуга, Салтыкова-Щедрина ул, 74",калуга,Калужская область,,,,,,2185.0,9924,2569,324698,0,0,0.0,423321,3.8629817049435577,"[54.498858, 36.281813]",1.0328468794207588,1.0168163502219896,32.32749303307962,6730.711618662821
199,"г.Тула, Стадионный пр-д, 1",тула,Тульская область,,,,,,845.0,10004,2750,482873,0,0,0.0,387679,3.6378181818181816,"[54.103858, 37.583436]",0.6623700385617445,4.744259997149562,0.4087433345818975,6765.041802812261
200,"г.Тула, Бондаренко ул, 35А",тула,Тульская область,,,,,,3166.0,9929,2560,482873,0,0,0.0,387679,3.878515625,"[54.214767, 37.693004]",0.7138902080572962,0.9326853969352601,0.18651489561546608,6780.154845034673
201,"г.Тула, Ленина пр-кт, 138 п295,п296",тула,Тульская область,,,,,,4008.0,9916,2473,482873,0,0,0.0,387679,4.009704811969268,"[54.169895, 37.592231]",0.5074762605850626,0.6654768871839077,0.04716747434253479,6771.052120356624
202,"г.Тула, Немцова ул, 12",тула,Тульская область,,,,,,4642.0,9917,2458,482873,0,0,0.0,387679,4.034580960130187,"[54.205858, 37.667204]",0.7768900686205035,1.365125802433153,0.2863738277759789,6778.040694856081
203,"г.Щекино, Ленина ул., 20",щёкино,Тульская область,,,,,,2368.0,9998,2898,58139,0,0,0.0,387679,3.4499654934437545,"[54.002844, 37.517958]",0.4216472720542318,0.6491469452042773,0.18286444523742593,6753.09004890529
204,"г.Обнинск, Киевское ш, 30",обнинск,Калужская область,,,,,,281.0,10015,2836,104739,0,0,0.0,423321,3.5313822284908323,"[55.10804, 36.643305]",1.5886045932278894,2.0770838965298903,50.482650483158885,6801.375853316629
205,"г.Узловая, Горького ул., 11А",узловая,Тульская область,2.0,,0.0,,,3109.0,9944,2740,55282,1,0,0.0,387679,3.629197080291971,"[53.972446, 38.166326]",0.7002970099302177,0.24567079955979224,0.6308219858567354,6785.166382578008
206,"г.Узловая, Суворова ул., 6",узловая,Тульская область,,,,,,2548.0,10044,2899,55282,0,0,0.0,387679,3.4646429803380476,"[53.966276, 38.164179]",0.7002970099302177,0.9210087791947836,0.6099274754256025,6784.537843116126
207,"г.Донской, Центральный мкр, Октябрьская ул, 115",донской,Тульская область,,,,,,1370.0,10063,2841,64552,0,0,0.0,387679,3.5420626539950724,"[53.964332, 38.290249]",1.2414495161907222,2.006792676772327,0.0745517403022161,6791.1583657109595
208,"г.Богородицк, Заводской проезд, 6 А",богородицк,Тульская область,,0.3,,2.0,1.0,1953.0,10079,2964,31897,0,0,0.0,387679,3.400472334682861,"[53.772509, 38.108331]",0.9134781342058063,1.449280638289366,0.9349914111223369,6765.422775778035
209,"г.Донской, Ленина ул., 1 В",новоугольный,Тульская область,,0.2,,2.0,,2033.0,10039,2979,500,0,0,0.0,387679,3.369922792883518,"[53.970878, 38.337617]",0.4166205264025845,1.1770378491303994,1.396876294626694,6794.253783065289
210,"г.Болохово, Соловцова ул., 13 В",болохово,Тульская область,,0.6,,5.0,0.0,2760.0,10076,2908,9622,0,0,0.0,387679,3.4649243466299864,"[54.081854, 37.830635]",9.24204660579755,15.343629245978487,0.14198502635870075,6776.332766274523
211,"п.Грицовский, Первомайская ул., 21",грицовский,Тульская область,,,,,,2948.0,10032,2959,6192,0,0,0.0,387679,3.390334572490706,"[54.137552, 38.161996]",7.601128974825354,13.965485523647782,0.30883901467013897,6798.676584795062
212,"г.Жуков, Гурьянова ул., 7",жуков,Калужская область,,,,,,420.0,10095,2967,12131,0,0,0.0,423321,3.402426693629929,"[55.031742, 36.748389]",2.5429220385460773,10.89497611971185,40.08314289730135,6800.203995676213
213,"г.Сухиничи, Пушкина ул., стр.2",сухиничи,Калужская область,,,,,,570.0,10088,2963,16273,0,0,0.0,423321,3.404657441781978,"[54.101799, 35.340792]",0.43763819924026487,71.76302629735086,50.43063690937103,6648.552779398274
215,"г.Жиздра, Сосунова ул., 1",жиздра,Калужская область,,,,,,216.0,10094,2936,5585,0,0,0.0,423321,3.438010899182561,"[53.746676, 34.733289]",22.829776023939065,127.3625302493188,62.09168196422955,6587.007560297789
216,"г.Ермолино, Солнечная ул, 1А",ермолино,Калужская область,,,,,,569.0,10087,2921,10409,0,0,0.0,423321,3.453269428277987,"[55.217896, 36.565322]",3.7878585209785203,11.366416354072417,62.22548417232723,6806.835847298214
217,"г.Ефремов, Ленина ул., 40",ефремов,Тульская область,,,,,,2075.0,10040,2909,42350,0,0,0.0,387679,3.451357854932967,"[53.145073, 38.105187]",0.22782415799400668,0.7716933055149342,0.058581080076210545,6713.246919939748
218,"п.Товарково, Туркестанская ул., 2",товарково,Калужская область,,,,,,2796.0,10040,2897,14496,0,0,0.0,423321,3.4656541249568518,"[54.677011, 35.933644]",0.8214449361273006,22.93620427600939,56.88146756830413,6728.286217848184
219,"г.Таруса, Миронова ул., 9",таруса,Калужская область,,,,,,2420.0,10065,2888,9660,0,0,0.0,423321,3.4851108033241,"[54.717454, 37.163052]",0.2971847298489312,22.981033625038332,6.614448532558072,6794.781997621128
220,"г.Сухиничи, Ленина ул., 106 В",сухиничи,Калужская область,,,,,,1059.0,10054,2877,16273,0,0,0.0,423321,3.494612443517553,"[54.090964, 35.344601]",0.8017534405168429,72.25572941000499,50.40200918466429,6647.808534399236
221,"г.Обнинск, Курчатова ул, 36",обнинск,Калужская область,2.0,1.4,1.0,7.0,1.0,3316.0,9959,2690,104739,0,0,0.0,423321,3.7022304832713755,"[55.113627, 36.620317]",0.4276953067964277,0.6321573725491212,52.020953378199074,6800.6848161233265
222,"г.Козельск, Гвардейская ул, 43А",козельск,Калужская область,,,,,,1416.0,10036,2870,18245,0,0,0.0,423321,3.4968641114982577,"[54.043674, 35.770088]",0.8635242061331753,56.53175586200167,26.262813758748873,6665.419191603763
223,"г.Сосенский, Первомайская ул., 38",сосенский,Калужская область,,,,,,1425.0,10043,2861,12392,0,0,0.0,423321,3.5103110800419435,"[54.059003, 35.967035]",0.9434641798050323,48.990215980764106,15.729076494315944,6676.842700390845
224,"г.Людиново, Ленина ул., 5 пом.44,45",людиново,Калужская область,,,,,,2140.0,9995,2855,40530,0,0,0.0,423321,3.500875656742557,"[53.86517, 34.44439]",0.3183873344285332,135.38957304723775,70.08467613248769,6582.821928930975
225,"п.Шайковка, в/ч 40444",шайковка,Калужская область,,,,,,2088.0,10048,2848,4466,0,0,0.0,423321,3.5280898876404496,"[54.24584, 34.38017]",12.07315585608745,123.78886741742942,112.14328661891302,6612.9531921806065
226,"п.Товарково, Ленина ул., 30А пом.1Ф",товарково,Калужская область,,,,,,1331.0,10033,2837,14496,0,0,0.0,423321,3.536482199506521,"[54.678125, 35.946275]",0.8214449361273006,22.28041496640705,56.84965835882431,6729.022351538729
227,"г.Кремёнки, Школьная ул., 7",кремёнки,Калужская область,,1.0,,7.0,1.0,2707.0,10032,2832,11582,0,0,0.0,423321,3.542372881355932,"[54.886528, 37.110437]",0.6803024840943921,39.04758610895179,11.894704859573467,6806.417718605295
228,"г.Малоярославец, Московская ул., 16",малоярославец,Калужская область,,,,,,2519.0,10005,2814,30392,0,0,0.0,423321,3.5554371002132195,"[55.010901, 36.47222]",0.4875665575009124,0.18890886153425568,54.67031369960845,6784.342529982228
229,"п.Воротынск, Придорожная ул., 13",воротынск,Калужская область,,,,,,1146.0,10048,2804,11288,0,0,0.0,423321,3.5834522111269616,"[54.478807, 36.060181]",1.7345981996123299,12.50061458339948,33.87620449715741,6717.658968424237
230,"г.Тула, Максимовского ул, 15 п.2",тула,Тульская область,,,,,,3949.0,9921,2495,482873,0,0,0.0,387679,3.9763527054108216,"[54.213672, 37.62811]",0.32101735753500776,1.67719532300113,0.40088102840137685,6776.626983846127
231,"г.Новомосковск, Донская ул., 9",новомосковск,Тульская область,,0.3,,2.0,,3018.0,9932,2607,131386,0,0,0.0,387679,3.809742999616417,"[54.031047, 38.28582]",0.4568224511882696,1.6740766225665669,0.41666181355708387,6796.460667407745
232,"г.Новомосковск, Победы пр-кт, 15",новомосковск,Тульская область,,1.1,,11.0,1.0,3845.0,9942,2651,131386,0,0,0.0,387679,3.7502829121086383,"[54.032665, 38.316489]",0.7377013753953052,2.2248918312969606,0.423476799504746,6798.24476492086
233,"г.Сосенский, Победы мкр, 34 кв.1",сосенский,Калужская область,,1.0,,8.0,1.0,3302.0,9954,2773,12392,0,0,0.0,423321,3.5896141363144607,"[54.05238, 35.950928]",0.44025168748497073,50.07316339725489,16.939167032672223,6675.446526150914
234,"г.Людиново, Ф.Энгельса ул, 3/1 п.2",людиново,Калужская область,,1.1,,5.0,1.0,3044.0,9933,2734,40530,0,0,0.0,423321,3.633138258961229,"[53.862536, 34.442486]",0.29589109999072877,135.64544902329425,69.78165824555042,6582.496468903996
235,"г.Тула, Машинистов ул",тула,Тульская область,,,,,,1522.0,9944,2619,482873,0,0,0.0,387679,3.796869033982436,"[54.188455, 37.572288]",0.5649802792208288,0.7639404238918476,0.2982257882347397,6771.55589115499
236,"г.Тула, Маршала Жукова ул, 2",тула,Тульская область,,,,,,2262.0,9937,2601,482873,0,0,0.0,387679,3.8204536716647444,"[54.192079, 37.537775]",0.15249355905080073,2.932035418663127,0.12497085702880338,6770.035724199794
237,"г.Калуга, Полесская ул., 65",калуга,Калужская область,,0.7,,5.0,0.0,706.0,9939,2588,324698,0,0,0.0,423321,3.840417310664606,"[54.464565, 36.218312]",1.3194110613106356,2.226054927021395,29.447207834874153,6724.519295468292
238,"г.Тула, Новомосковское ш., 60А",тула,Тульская область,,,,,,0.0,10029,2794,482873,0,0,0.0,387679,3.589477451682176,"[54.154686, 37.637614]",1.9471318750161188,2.46482576836073,0.14002692622358048,6772.1789647903215
239,"г.Калуга, Фомушина ул, 26 п.114-115",калуга,Калужская область,,1.2,,8.0,0.0,1534.0,9951,2543,324698,0,0,0.0,423321,3.913094769956744,"[54.489053, 36.198692]",0.5186950274455802,4.1139603317018825,32.42149725590214,6725.615561645873
240,"г.Тула, Одоевское ш",тула,Тульская область,,,,,,2404.0,9947,2639,482873,0,0,0.0,387679,3.769230769230769,"[54.191294, 37.539697]",0.15249355905080073,2.8328529271412455,0.06839979488379538,6770.071323588144
241,"г.Новомосковск, п.Депо6А",новомосковск,Тульская область,,,,,,3077.0,9927,2598,131386,0,0,0.0,387679,3.821016166281755,"[54.028968, 38.255709]",0.705498469379239,0.43929569355584486,0.5623903819633255,6794.669055266347
242,"г.Новомосковск, Березовая ул., 11",новомосковск,Тульская область,,1.4,,9.0,1.0,2527.0,9925,2663,131386,1,0,0.0,387679,3.726999624483665,"[54.012051, 38.284787]",0.39972740860040196,0.2793260277648664,0.4274910461057214,6794.82711789216
243,"г.Новомосковск, Мира ул, 54Д",новомосковск,Тульская область,,1.0,,9.0,1.0,2504.0,9967,2738,131386,0,0,0.0,387679,3.6402483564645727,"[54.036901, 38.260901]",0.9450333921890307,1.234232533213775,1.1723910230223569,6795.607415158413
245,"г.Новомосковск, Рязанское ш., 9Д",новомосковск,Тульская область,,2.4,,8.0,1.0,2986.0,9948,2682,131386,1,0,0.0,387679,3.70917225950783,"[54.026038, 38.317019]",0.7377013753953052,1.6927343800919774,0.31418806066025773,6797.722989902388
246,"г.Обнинск, Комсомольская ул, 6",обнинск,Калужская область,,1.1,,7.0,1.0,1789.0,9959,2633,104739,0,0,0.0,423321,3.782377516141284,"[55.086955, 36.600554]",0.51597409850952,1.2643517261294221,51.32192525247563,6797.39303074454
247,"г.Обнинск, Космонавта Леонова ул, 17 1э.1-10,13",обнинск,Калужская область,,1.9,,11.0,1.0,1663.0,9974,2634,104739,0,0,0.0,423321,3.7866362946089596,"[55.134265, 36.575527]",1.5844823749822543,2.23253179144893,55.67702598931569,6800.177322820697
248,"г.Алексин, Пионерская ул., 16",алексин,Тульская область,,,,,,2235.0,9994,2791,61732,0,0,0.0,387679,3.5807954138301685,"[54.495679, 37.061102]",0.4065646474024767,2.934485073926944,0.9138450629977306,6770.674126125854
249,"г.Тула, п.Октябрьский(Зареченский), Карпова ул",тула,Тульская область,2.0,,1.0,,,42.0,10023,2740,482873,0,0,0.0,387679,3.658029197080292,"[54.240326, 37.632179]",1.8189355435690953,4.551532236625691,0.03721809864336647,6779.080444373202
250,"г.Боровск, Ленина пл., 30",боровск,Калужская область,,,,,,413.0,10081,2905,12283,0,0,0.0,423321,3.470223752151463,"[55.207608, 36.484689]",1.2497736803923951,12.215183814597767,65.2762276324425,6801.866906912951
251,"г.Ефремов, Интернациональная ул., 9",ефремов,Тульская область,,,,,,1271.0,10041,2889,42350,0,0,0.0,387679,3.4755970924195223,"[53.139332, 38.081723]",1.1599025977438358,2.3428178389854293,0.5549591133192837,6711.49040222651
252,"г.Богородицк, Защитная ул., 6 А",богородицк,Тульская область,,,,,,1327.0,10027,2880,31897,0,0,0.0,387679,3.4815972222222222,"[53.78522, 38.125857]",0.7555190523806591,1.3868278889828471,0.8782924891246967,6767.423781003523
253,"рп.Бородинский, Луговая ул., 32",бородинский,Тульская область,,,,,,2003.0,10020,2848,6126,0,0,0.0,387679,3.518258426966292,"[53.999187, 37.815947]",8.787046093580916,19.799835697707923,0.6614476725524988,6768.637041278545
254,"г.Кимовск, Ленина ул., 32",кимовск,Тульская область,,,,,,2091.0,10012,2848,28485,0,0,0.0,387679,3.515449438202247,"[53.970635, 38.539082]",0.6231342676691022,14.315690002626953,0.5515484684690594,6805.111997345926
255,"рп.Арсеньево, Парфенова ул., 11/1",арсеньево,Тульская область,,,,,,1267.0,10012,2831,4803,0,0,0.0,387679,3.53655951960438,"[53.736941, 36.665161]",21.629317142604,63.18841067184615,0.19206607751586008,6685.651655197634
256,"г.Белев, Октября пл., 5",белёв,Тульская область,,,,,,1063.0,10030,2830,13918,0,0,0.0,387679,3.5441696113074204,"[53.810726, 36.129351]",1.3924960291144415,73.39279095775825,1.4326507444639989,6663.970480126285
257,"рп.Шварцевский, Ленина ул., 6",шварцевский,Тульская область,,,,,,2010.0,9985,2829,4913,0,0,0.0,387679,3.529515729939908,"[54.088018, 37.994227]",8.42244596120122,16.190562043324828,0.2158374876210323,6785.574855133708
258,"д.Кривское, Центральная ул, 59",кривское,Калужская область,,,,,,819.0,10053,2826,2048,0,0,0.0,423321,3.5573248407643314,"[55.13637, 36.539738]",2.2868837883685047,3.961717815569802,57.64068955053678,6798.540328857007
260,"г.Ясногорск, Советская ул., 6",ясногорск,Тульская область,,,,,,2113.0,10024,2821,16795,0,0,0.0,387679,3.553349875930521,"[54.480941, 37.685754]",0.7067296681423929,30.474579322121627,0.2186409480912168,6802.126654598467
262,"г.Жуков, Ленина ул., 22",жуков,Калужская область,,,,,,1759.0,10033,2787,12131,0,0,0.0,423321,3.599928238249013,"[55.020838, 36.713319]",2.5429220385460773,10.273972126824646,41.31784823821435,6797.4797902199325
263,"г.Балабаново, 50 лет Октября ул., 24",балабаново,Калужская область,,,,,,1173.0,10077,2780,26337,0,0,0.0,423321,3.624820143884892,"[55.172537, 36.662097]",0.7213387377299875,6.836930099947786,54.304819677747076,6807.858996102198
264,"г.Малоярославец, Аузина ул., 23",малоярославец,Калужская область,,,,,,1264.0,10025,2769,30392,0,0,0.0,423321,3.6204405922715783,"[55.006229, 36.461288]",0.5855642000425365,0.6284892135389788,55.13447233202598,6783.385804976895
265,"г.Боровск, Шувалова ул, 10А",боровск,Калужская область,,1.4,,8.0,1.0,1590.0,10057,2765,12283,0,0,0.0,423321,3.637251356238698,"[55.198833, 36.496996]",0.32239340677919104,10.96927320512857,64.05174928744856,6801.736226607719
266,"г.Киров, Пролетарская ул, 79 Б",киров,Калужская область,,,,,,1275.0,9990,2760,31882,0,0,0.0,423321,3.619565217391304,"[54.079577, 34.305646]",0.42583171014760857,133.54208903482558,93.67727543152407,6594.677405377547
267,"г.Кондрово, Пушкина ул., 74",кондрово,Калужская область,,1.0,,5.0,1.0,2477.0,9983,2732,16672,0,0,0.0,423321,3.654099560761347,"[54.796983, 35.915651]",0.5720691334530619,32.20141043905006,70.20475252193567,6737.725155709715
268,"г.Ермолино, Мичурина ул., 40 пом.140",ермолино,Калужская область,,,,,,1477.0,9992,2728,10409,0,0,0.0,423321,3.662756598240469,"[55.190873, 36.601668]",3.089479001522791,8.169429080209046,58.48394225450096,6806.360882951316
269,"г.Боровск, Ленина ул., 76",боровск,Калужская область,,,,,,1449.0,10028,2725,12283,0,0,0.0,423321,3.68,"[55.196572, 36.493816]",0.32239340677919104,10.877582370282353,64.04744774397597,6801.380907865873
270,"г.Таруса, Голубицкого ул., 2",таруса,Калужская область,,0.5,,3.0,,2284.0,9986,2700,9660,0,0,0.0,423321,3.6985185185185183,"[54.718031, 37.16757]",0.2971847298489312,23.10320478165259,6.345358596066396,6795.065311735232
271,"г.Малоярославец, Российских Газовиков ул, 27",малоярославец,Калужская область,3.0,1.2,1.0,12.0,1.0,1167.0,10024,2797,30392,0,0,0.0,423321,3.583839828387558,"[54.99806, 36.44634]",0.6976571288183638,1.5529307451426144,55.718995234107666,6781.924794867624
272,"г.Тула, 2-й Гастелло пр-д, 17 к.1",тула,Тульская область,,,,,,1941.0,9921,2520,482873,0,0,0.0,387679,3.9369047619047617,"[54.203835, 37.698609]",0.9547571836735849,0.7614519318961351,0.11208018975765643,6779.5348192868105
273,"г.Тула, Жуковского ул, 80",тула,Тульская область,,,,,,1566.0,9922,2542,482873,0,0,0.0,387679,3.903225806451613,"[54.182512, 37.611338]",0.4347552467776806,0.6049599503749495,0.3321937216509868,6773.12297154324
274,"г.Тула, Макаренко ул, 19 к.2,п.1",тула,Тульская область,,,,,,2468.0,9920,2484,482873,0,0,0.0,387679,3.993558776167472,"[54.164577, 37.562748]",0.47207548886072076,1.424801498074623,0.10102213665526541,6769.04522818358
275,"г.Алексин, Дружбы ул., 7",алексин,Тульская область,,,,,,2533.0,9969,2718,61732,0,0,0.0,387679,3.6677704194260485,"[54.484194, 36.997483]",4.30285208477841,7.007930334341762,0.5497138805596331,6766.391620749538
276,"г.Обнинск, Долгининская ул, 6 п.295",обнинск,Калужская область,,2.5,,10.0,1.0,2548.0,9933,2528,104739,0,0,0.0,423321,3.9291930379746836,"[55.107133, 36.582749]",0.599935703211218,0.4788261570858285,53.52452039208625,6798.217381988846
277,"г.Новомосковск, Солнечная ул, 10Б",новомосковск,Тульская область,,0.6,,6.0,0.0,2537.0,9929,2638,131386,0,0,0.0,387679,3.763836239575436,"[54.008707, 38.279514]",0.5069290556254984,0.7792831696415593,0.46732251232183164,6794.2656743425905
278,"г.Алексин, Болотова ул., 10А",алексин,Тульская область,1.0,0.7,0.0,5.0,1.0,1389.0,9968,2790,61732,0,0,0.0,387679,3.5727598566308245,"[54.499935, 37.1234]",1.1722315686802363,1.043183256593141,0.8616460201222501,6774.277707045984
279,"г.Донской, Центральный мкр, Терпигорева ул, 2",донской,Тульская область,,,,,,1482.0,9964,2696,64552,0,0,0.0,387679,3.6958456973293767,"[53.968977, 38.332128]",0.4166205264025845,0.7828470270952667,0.9972375997365988,6793.800210501317
280,"г.Узловая, Привокзальная ул, стр.4",узловая,Тульская область,,,,,,1272.0,9941,2694,55282,0,0,0.0,387679,3.690051967334818,"[53.973399, 38.178777]",0.821176966813016,0.901610516451536,0.1904113753904035,6785.9146768607425
281,"г.Кимовск, Октябрьская ул., 22",кимовск,Тульская область,1.0,0.5,0.0,3.0,1.0,1457.0,9982,2741,28485,0,0,0.0,387679,3.6417365924844947,"[53.972901, 38.520307]",0.35702017176400186,13.09543629764036,1.783236394102309,6804.284077513102
282,"г.Кимовск, Коммунистическая ул, 5А",кимовск,Тульская область,1.0,0.4,0.0,3.0,1.0,2691.0,9991,2746,28485,0,0,0.0,387679,3.638383102694829,"[53.980521, 38.541849]",0.534288479525812,14.557858274058958,1.4037823176382485,6806.0796249519935
283,"г.Ефремов, Мира ул, 2А",ефремов,Тульская область,,1.1,,5.0,1.0,2974.0,9971,2843,42350,0,0,0.0,387679,3.5072106929300033,"[53.149335, 38.086655]",0.41383396623075686,2.0938487719154257,0.6128387099311309,6712.586934436624
284,"г.Кимовск, Октябрьская ул., 37А",кимовск,Тульская область,,0.7,,5.0,1.0,2955.0,9984,2714,28485,0,0,0.0,387679,3.6787030213706706,"[53.974056, 38.527665]",0.36899845417758387,13.58177118477116,1.388752479872604,6804.777557283854
285,"д.Кабицино, Обнинская ул., 1 Б",кабицино,Калужская область,,,,,,232.0,10079,2887,270,0,0,0.0,423321,3.4911673016972635,"[55.143384, 36.630315]",2.331507393373563,3.0506179187692912,53.60324098822572,6803.744064313196
286,"с.Перемышль, Коммунаров ул, 6",перемышль,Калужская область,,,,,,427.0,10076,2871,3279,0,0,0.0,423321,3.5095785440613025,"[54.261541, 36.155995]",22.933417930773125,23.665944021068476,10.147865908303968,6703.918879538522
287,"п.Товарковский, Кирова ул., 5",товарковский,Тульская область,,,,,,835.0,10031,2847,7587,0,0,0.0,387679,3.5233579206181944,"[53.676564, 38.225058]",9.203016058993247,12.266809923664674,0.1916290791788057,6763.764587453215
288,"рп.Одоев, Л.Толстого ул., 2-к",одоев,Тульская область,,,,,,546.0,10066,2834,6144,0,0,0.0,387679,3.5518701482004236,"[53.930777, 36.692721]",1.5455810971821058,54.29989238649464,0.7363355977034837,6703.535090408188
289,"п.Бабынино, Центральная ул, 14",бабынино,Калужская область,,,,,,467.0,10059,2828,3725,0,0,0.0,423321,3.5569306930693068,"[54.391395, 35.735135]",21.531645383754146,34.50196026059658,33.96865901551462,6693.584837948799
290,"г.Мещовск, Революции пр-кт, 10А",мещовск,Калужская область,,,,,,840.0,10029,2801,4100,0,0,0.0,423321,3.5805069617993572,"[54.31781, 35.28436]",0.6680010466887915,64.83382783165403,55.613287067547425,6664.411728758805
291,"п.Дубна, Льва Толстого ул., 1 Б",дубна,Тульская область,,,,,,1601.0,10048,2796,5980,0,0,0.0,387679,3.5937052932761087,"[54.158794, 36.944501]",12.408599399624485,40.58011720861779,0.49380382088802577,6736.036366395795
292,"с.Детчино, Московская ул, 73Б",детчино,Калужская область,,,,,,970.0,9996,2750,5010,0,0,0.0,423321,3.634909090909091,"[54.818854, 36.316758]",1.0490555399543138,23.132828783691032,53.27907253027295,6759.947886648205
294,"с.Ворсино, Лыскина ул., 22А п.1-13",ворсино,Калужская область,,,,,,621.0,10055,2737,1684,0,0,0.0,423321,3.6737303617099015,"[55.223027, 36.664325]",4.448309644475509,12.149092747262129,58.28392788175155,6812.300217810696
295,"г.Липки, Трудовая ул., 13",липки,Тульская область,,,,,,1152.0,9984,2731,8719,0,0,0.0,387679,3.6558037348956427,"[53.944527, 37.704799]",0.7133218254997552,14.404537477837351,0.45070183147181675,6758.137589350775
296,"г.Киров, Пролетарская ул., 25",киров,Калужская область,1.0,,0.0,,,1919.0,9956,2729,31882,0,0,0.0,423321,3.6482227922315866,"[54.082551, 34.322211]",0.7547525907596397,132.4130788893656,93.98175837886228,6595.760528253411
297,"пгт.Ревякино, Советская ул., 12А",ревякино посёлок,Тульская область,,,,,,1242.0,9990,2727,2970,0,0,0.0,387679,3.6633663366336635,"[54.366843, 37.659937]",9.22040639620079,17.880905343146235,0.07296651964409401,6791.175044369721
298,"г.Малоярославец, Курсантов Подольских ул, 28",малоярославец,Калужская область,,,,,,965.0,10065,2720,30392,0,0,0.0,423321,3.7003676470588234,"[55.00468, 36.430341]",0.2278997019571579,1.7662654387558787,56.92712872300968,6781.680082904692
299,"г.Людиново, Урицкого ул., 5",людиново,Калужская область,,,,,,2282.0,9956,2720,40530,0,0,0.0,423321,3.6602941176470587,"[53.862669, 34.436333]",0.4037494506875193,135.98608631283685,69.76120480342422,6582.200275620853
300,"г.Козельск, Чкалова ул., 82 А",козельск,Калужская область,,,,,,766.0,9986,2715,18245,0,0,0.0,423321,3.678084714548803,"[54.038646, 35.760009]",0.8635242061331753,57.36158301949754,26.870204205878437,6664.470512600543
301,"г.Киров, Жмакина ул., 68",киров,Калужская область,1.0,3.2,0.0,11.0,1.0,1776.0,9969,2704,31882,0,0,0.0,423321,3.6867603550295858,"[54.082018, 34.310676]",0.42583171014760857,133.14197240867713,93.93932095818539,6595.1411280934335
302,"п.Новогуровский, Центральная ул., 3",новогуровский,Тульская область,,,,,,1209.0,9991,2702,3590,0,0,0.0,387679,3.6976313841598816,"[54.469447, 37.340496]",14.427360509459653,14.909737179281613,0.5035514986167238,6783.032341454454
303,"г.Венев, Льва Толстого ул., 13",венёв,Тульская область,,,,,,1271.0,9957,2665,15224,0,1,0.0,387679,3.7362101313320824,"[54.34987, 38.268249]",0.4430171450516657,36.036822721391175,0.39807013168450067,6822.043902670742
304,"п.Товарково, Центральная ул, 51 А",товарково,Калужская область,,,,,,840.0,9922,2556,14496,0,0,1.0,423321,3.8818466353677623,"[54.694123, 35.969829]",2.335935781757561,21.938591901275995,58.352145281930184,6731.595126569373
305,"г.Малоярославец, Ленина ул, 7",малоярославец,Калужская область,3.0,1.3,1.0,11.0,1.0,2081.0,9957,2702,30392,0,0,0.0,423321,3.6850481125092522,"[55.011144, 36.464585]",0.4875665575009124,0.35024829176543587,55.133590889620386,6783.975241436996
306,"г.Кимовск, Некрасова ул., 20А",кимовск,Тульская область,,0.5,,3.0,,3070.0,9933,2629,28485,0,0,0.0,387679,3.778242677824268,"[53.976216, 38.53822]",0.4618022273324797,14.284125736997892,1.0461613225729096,6805.527142141033
307,"г.Щекино, Ремонтников ул., 4 А",щёкино,Тульская область,,,,,,1286.0,9959,2678,58139,0,0,0.0,387679,3.7188200149365196,"[53.997308, 37.532529]",0.839749525408576,1.7469989462631874,1.2591521711829257,6753.398512291751
308,"г.Новомосковск, Свободы ул, 5",новомосковск,Тульская область,,0.4,,2.0,,456.0,9978,2722,131386,0,0,0.0,387679,3.665686994856723,"[54.07879, 38.221573]",4.364068259919253,6.396034320672245,0.4539903494304377,6796.978334894837
309,"г.Алексин, Ленина ул., 1",алексин,Тульская область,,0.6,,4.0,1.0,2392.0,9939,2686,61732,0,0,0.0,387679,3.7002978406552494,"[54.5075, 37.067327]",0.39810563523532466,1.8076976663570905,0.48741336775883964,6772.000485523638
310,"г.Донской, мкр.Центральный, Красноармейская ул, 1Б",донской,Тульская область,,,,,,1067.0,9940,2690,64552,0,0,0.0,387679,3.6951672862453533,"[53.986345, 38.369238]",2.6895287794876044,3.7918573708560617,0.10326304957689622,6797.241428167901
311,"г.Узловая, Генерала Васильева ул, 22",узловая,Тульская область,,,,,,1458.0,9953,2643,55282,0,0,0.0,387679,3.76579644343549,"[53.984577, 38.192827]",0.7214615409908414,2.127501469010561,0.048380901683745176,6787.599234849023
312,"г.Алексин, Южная ул, 9",алексин,Тульская область,,,,,,1839.0,9927,2597,61732,0,0,0.0,387679,3.822487485560262,"[54.515121, 37.047079]",0.5997253652452809,2.9173430175023167,0.5649903983628798,6771.593992699563
313,"г.Алексин, Дубравная ул, 36",алексин,Тульская область,,,,,,2508.0,9924,2586,61732,0,0,0.0,387679,3.8375870069605567,"[54.511844, 37.121568]",0.3910947318929529,0.3214579054629314,0.23578584684798218,6775.191540665468
314,"г.Киреевск, Тесакова ул, 10",киреевск,Тульская область,,0.6,,7.0,1.0,852.0,9995,2770,25557,0,0,0.0,387679,3.608303249097473,"[53.920073, 37.914546]",1.3138689316847705,17.354302378665718,1.8556748050519074,6767.299432003559
315,"г.Плавск, Победы ул., 1 Е",плавск,Тульская область,,1.9,,18.0,1.0,2368.0,9972,2730,16165,0,0,0.0,387679,3.6527472527472526,"[53.706502, 37.282653]",0.4927891683518214,36.7319486387756,0.5525140503878252,6715.705346748494
316,"г.Кимовск, Бессолова ул, 10",кимовск,Тульская область,,,,,,2456.0,9925,2538,28485,0,1,0.0,387679,3.9105594956658787,"[53.971164, 38.524898]",0.35702017176400186,13.38943588027033,1.4418891175685673,6804.388594549825
317,"г.Ефремов, Короткова ул, 20",ефремов,Тульская область,,1.3,,6.0,1.0,3374.0,9920,2566,42350,0,0,0.0,387679,3.8659392049883086,"[53.144166, 38.10825]",0.22782415799400668,0.5485458841531689,0.13739066937284572,6713.339310659103
318,"г.Плавск, Свободы пл., стр.2",плавск,Тульская область,,,,,,402.0,10044,2872,16165,0,0,0.0,387679,3.497214484679666,"[53.71083, 37.295904]",0.9960893794442531,35.94104948622463,1.1853341258476233,6716.77344872041
319,"г.Киреевск, Октябрьская ул., 42",киреевск,Тульская область,,,,,,628.0,10037,2793,25557,0,0,0.0,387679,3.593626924453992,"[53.934573, 37.927392]",0.9952343240553162,16.002623379744854,0.13799293829582907,6769.196919430818
320,"г.Кондрово, Комсомольская ул, 8",кондрово,Калужская область,,1.0,,7.0,1.0,394.0,10039,2784,16672,0,0,0.0,423321,3.605962643678161,"[54.807705, 35.927509]",1.4138716353324956,32.61222919709393,71.25152013426313,6739.249580687472
321,"г.Богородицк, Шахтная ул., 2 А",богородицк,Тульская область,,,,,,2170.0,9977,2761,31897,0,0,0.0,387679,3.6135458167330676,"[53.768581, 38.120539]",0.5759897738238231,0.8054090808369664,1.0311837052602393,6765.754548458735
322,"г.Таруса, Ленина ул, 9",таруса,Калужская область,,1.2,,5.0,1.0,404.0,9986,2758,9660,0,0,0.0,423321,3.620739666424946,"[54.727661, 37.178036]",0.7394077907188316,24.295310540546875,5.756926790078025,6796.425155972365
323,"г.Мосальск, Калужская ул., 60",мосальск,Калужская область,,,,,,292.0,10074,2755,4288,0,0,0.0,423321,3.6566243194192376,"[54.494492, 34.982059]",27.726342915201627,81.66424610231954,80.98701301934126,6664.615440465329
325,"г.Козельск, Советская Б.ул, 30",козельск,Калужская область,,,,,,262.0,10006,2746,18245,0,0,0.0,423321,3.6438455935906773,"[54.029836, 35.794118]",1.8366142522599218,56.990344750694064,24.710232117202477,6665.46085266136
326,"с.Воскресенское, Заводская ул., 12 А",воскресенское,Тульская область,,,,,,694.0,10019,2743,2573,0,0,0.0,387679,3.6525701786365294,"[54.104312, 37.110716]",12.408599399624485,28.303522483725587,0.19488053656403484,6740.138206494699
327,"п.Дубовка, Щербакова ул., 7А",дубовка посёлок,Тульская область,,,,,,1556.0,9968,2732,8942,0,0,0.0,387679,3.6486090775988287,"[53.921817, 38.10587]",1.7670097505226463,7.029008759100551,0.35272296547177995,6777.706283534268
328,"г.Юхнов, Революции ул., 1",юхнов,Калужская область,,,,,,336.0,10027,2727,7056,0,0,0.0,423321,3.6769343601026767,"[54.743848, 35.222188]",0.17092646369062475,68.4679572889797,85.16444723536091,6698.315518523385
329,"г.Сухиничи, Ленина ул., 78",сухиничи,Калужская область,,,,,,845.0,9957,2720,16273,0,0,0.0,423321,3.6606617647058823,"[54.097866, 35.341044]",0.43763819924026487,72.00014740990437,50.48936977919657,6648.225263661623
330,"п.Пятовский, Ленина ул., 2В",пятовский,Калужская область,,,,,,555.0,9978,2719,2984,0,0,0.0,423321,3.669731518940787,"[54.688628, 36.0518]",1.9663643099980355,17.45772349957633,56.47902600542702,6735.280501196711
331,"д.Новое Казачье, Буканова ул, 11Б",новое казачье,Калужская область,,,,,,68.0,10069,2718,460,0,0,0.0,423321,3.704562178072112,"[54.055145, 35.790426]",1.8411133683412655,54.73692402477288,24.45114094527988,6667.447449757319
332,"п.Чернь, Свободная ул., 141",чернь,Тульская область,,,,,,692.0,9986,2716,6405,0,0,0.0,387679,3.6767304860088363,"[53.454487, 36.922348]",0.7197533859282884,72.74390941353681,0.9482192513333517,6675.357806994796
333,"г.Калуга, с.Росва, Советская ул, 9",росва,Калужская область,,,,,,368.0,10000,2714,1667,0,0,0.0,423321,3.6845983787767134,"[54.50258, 36.070188]",2.72130069965496,11.44567089717195,36.464564044685275,6720.212719187459
334,"с.Оболенское, Кутузова ул, 1А",оболенское,Калужская область,,,,,,200.0,10035,2713,722,0,0,0.0,423321,3.6988573534832287,"[55.05482, 36.573721]",1.180776019906082,5.21347145877518,50.90915056514642,6793.272743478012
335,"с.Барятино, Советская ул., 22",барятино,Калужская область,,,,,,438.0,9995,2710,2748,0,0,0.0,423321,3.688191881918819,"[54.311917, 34.527736]",12.07315585608745,112.99435398946297,103.59144881039249,6626.059351241921
336,"рп.Одоев, 50 лет Октября ул, 59А",одоев,Тульская область,,,,,,813.0,9990,2700,6144,0,0,0.0,387679,3.7,"[53.936073, 36.670892]",1.5455810971821058,55.61940266967223,0.3621071138331391,6702.843163837906
337,"г.Юхнов, Урицкого ул, 33/2",юхнов,Калужская область,,,,,,448.0,10075,2696,7056,0,0,0.0,423321,3.7370178041543025,"[54.74469, 35.224416]",0.17092646369062475,68.35407051472599,85.13728257405076,6698.499909440777
338,"г.Кондрово, 2-я Стефанова ул, 35А",кондрово,Калужская область,,,,,,116.0,10056,2695,16672,0,0,0.0,423321,3.7313543599257883,"[54.784525, 35.962274]",2.191375545197248,29.206136632216683,68.37036613096643,6739.006915868349
339,"г.Калуга, Строительная ул., 26",куровской,Калужская область,,0.5,,3.0,0.0,760.0,9980,2694,3207,0,0,0.0,423321,3.70452858203415,"[54.533508, 36.020799]",4.689179477590182,14.697674002628352,40.20591092298698,6720.354921910595
341,"г.Сосенский, Космонавтов ул., 6",сосенский,Калужская область,,,,,,2185.0,9971,2658,12392,0,0,0.0,423321,3.7513167795334836,"[54.056043, 35.953488]",0.44025168748497073,49.63293327929349,16.512202424231067,6675.892376385988
342,"г.Калуга, д.Мстихино, Центральная ул., 11",мстихино,Калужская область,,,,,,127.0,10029,2653,2658,1,0,0.0,423321,3.78024877497173,"[54.559234, 36.12389]",3.6925282722507315,8.388717726025007,41.37348208260288,6727.820421625219
343,"г.Тула, п.Хомяково, Хомяковская ул., 8Б",хомяково,Тульская область,,,,,,1411.0,9953,2632,119,1,0,0.0,387679,3.7815349544072947,"[54.288847, 37.611661]",4.543306824699032,9.915955803466536,0.0921149032179201,6782.072180145419
344,"г.Кондрово, Ленина ул, 31-А",кондрово,Калужская область,,,,,,2166.0,9932,2576,16672,0,0,0.0,423321,3.8555900621118013,"[54.792748, 35.920718]",0.5720691334530619,31.633927529620916,69.68453198491858,6737.61563172654
345,"г.Тула, Щекинское ш, 26А",тула,Тульская область,,,,,,377.0,9926,2451,482873,0,0,0.0,387679,4.049775601795186,"[54.143575, 37.580885]",0.7881189901969188,0.63260421067373,0.07163947525245186,6768.241227060853
346,"г.Кимовск, Коммунистическая ул., 10 А",кимовск,Тульская область,,,,,,2616.0,9943,2690,28485,0,0,0.0,387679,3.6962825278810407,"[53.979214, 38.533333]",0.4618022273324797,13.99016153739038,1.5008835158829439,6805.510911240281
347,"г.Алексин, Пахомова ул, 11А",алексин,Тульская область,,0.7999999999999999,,5.0,1.0,2641.0,9921,2538,61732,0,0,0.0,387679,3.908983451536643,"[54.501096, 37.072097]",0.5713595982442533,2.0118824239880158,0.38057815205023704,6771.705542203471
348,"г.Ефремов, Дружбы ул., 4 А",ефремов,Тульская область,,0.5,,6.0,1.0,2457.0,9918,2597,42350,0,0,0.0,387679,3.8190219484020025,"[53.150485, 38.092557]",0.41383396623075686,1.7824843060339337,0.6614053302773942,6713.004382101689
349,"п.Лазарево, Тульская ул., 14Б",лазарево,Тульская область,,,,,,794.0,9980,2695,2208,0,0,0.0,387679,3.7031539888682747,"[53.85141, 37.47836]",13.910495035075447,17.525815405186467,3.6448047545001185,6738.2780081298415
350,"г.Советск, Энергетиков ул, 27",советск,Тульская область,,0.5,,6.0,1.0,1726.0,9944,2630,7536,0,0,0.0,387679,3.7809885931558935,"[53.935135, 37.636096]",4.616505728119401,11.422723760468347,0.45086374067255597,6753.690980213377
351,"г.Суворов, Макарова пл, 6",суворов,Тульская область,,0.7,,5.0,1.0,2282.0,9933,2619,18973,0,0,0.0,387679,3.792668957617411,"[54.118632, 36.495559]",0.5370900053485943,41.80435524189759,0.6165466471144009,6709.238383431219
352,"г.Кимовск, Мелихова ул, 15А",кимовск,Тульская область,,0.2,,2.0,,1809.0,9954,2633,28485,0,0,0.0,387679,3.780478541587543,"[53.986218, 38.54352]",0.6428305118710824,14.738823754145121,1.2988497143599333,6806.641379672003
353,"г.Богородицк, Коммунаров ул., 90",богородицк,Тульская область,,,,,,814.0,9977,2778,31897,0,0,0.0,387679,3.5914326853851692,"[53.779118, 38.130915]",0.7555190523806591,0.6772455156395372,0.9363671521323969,6767.189479083657
354,д.Бежка77,бежка,Тульская область,,,,,,122.0,10009,2726,500,0,0,0.0,387679,3.6716801173881146,"[54.188955, 37.735072]",2.8306196597703,3.046910447776539,0.021893504806764896,6780.220519788121
355,"с.Крапивна, Л.Толстого ул., 2 А",крапивна,Тульская область,,,,,,154.0,10022,2708,1069,0,0,0.0,387679,3.7008862629246675,"[53.941569, 37.155075]",18.32672051861426,24.50755602920959,0.5049949236444953,6728.736053999958
358,"п.Ломинцевский, Центральная ул., 15",ломинцевский,Тульская область,,,,,,896.0,9955,2694,4700,0,0,0.0,387679,3.6952487008166295,"[53.983841, 37.661877]",4.974369280860808,10.11705988383297,0.2432258294454737,6759.143375301641
359,"г.Малоярославец, 17 Стрелковой дивизии ул., 2 Б",малоярославец,Калужская область,1.0,1.2,0.0,5.0,1.0,762.0,9976,2688,30392,0,0,0.0,423321,3.7113095238095237,"[55.006936, 36.47876]",0.6068675883273567,0.6705891186675031,54.12165482628167,6784.334824256747
360,"г.Ефремов, Комсомольская ул, 19",ефремов,Тульская область,,,,,,2446.0,9959,2688,42350,0,0,0.0,387679,3.704985119047619,"[53.14341, 38.122309]",0.43061115242931663,0.4035027558844893,0.47346083227367936,6714.045161618648
361,"г.Ясногорск, Комсомольская ул., 2",ясногорск,Тульская область,,,,,,1753.0,9962,2680,16795,0,0,0.0,387679,3.717164179104478,"[54.478943, 37.696139]",0.2251191598978894,30.25648819808102,0.11559938159021763,6802.505653458086
362,"п.Ферзиково, Победы ул, 6",ферзиково посёлок,Калужская область,,,,,,262.0,9991,2671,4600,0,0,0.0,423321,3.7405466117558968,"[54.515267, 36.763176]",0.4870995823367417,21.242462951983427,12.787890520874097,6756.887585854275
363,"п.Брусянский, Пугачева ул, 4",брусянский,Тульская область,,,,,,1030.0,9947,2670,3498,0,0,0.0,387679,3.7254681647940076,"[54.002855, 38.097273]",2.097593950472916,4.831902095678188,0.6890403271998435,6783.9906688849205
364,"п.Волово, Хрунова ул., 12 А",волово,Тульская область,,,,,,515.0,9994,2660,3853,0,0,0.0,387679,3.757142857142857,"[53.557139, 38.010648]",19.399657989453758,25.17570008024196,0.9161159453747978,6742.255476055383
365,"г.Мещовск, Революции пр-кт, 45 п.1",мещовск,Калужская область,,,,,,624.0,9942,2656,4100,0,0,0.0,423321,3.743222891566265,"[54.312847, 35.290163]",0.6680010466887915,64.61833025096594,55.09918674836108,6664.273867627035
366,"г.Ефремов, Строителей ул, 22Б",ефремов,Тульская область,,,,,,2564.0,9936,2655,42350,0,0,0.0,387679,3.7423728813559323,"[53.156441, 38.091793]",0.6642334661857914,2.20606275457964,1.2339261408978843,6713.455139637839
367,"г.Козельск, Заводская ул, 11А",козельск,Калужская область,,1.3,,10.0,1.0,710.0,9947,2644,18245,0,0,0.0,423321,3.762102874432678,"[54.024182, 35.820538]",1.8366142522599218,56.65864105462432,23.18116268054481,6666.329817642736
368,"г.Ясногорск, Заводская ул., 19",ясногорск,Тульская область,,,,,,827.0,9988,2642,16795,0,0,0.0,387679,3.780469341408024,"[54.469991, 37.700514]",1.0347755530334515,29.267635120656898,1.039355640829644,6801.983632871177
369,с.Воскресенское80а,воскресенское,Калужская область,,,,,,0.0,9991,2641,1800,0,0,0.0,423321,3.7830367285119273,"[54.571251, 36.405691]",5.957687108307065,7.4749356498485735,36.480593835330346,6743.261684198054
371,"г.Медынь, Ленина пр-кт, 64 п.3",медынь,Калужская область,,,,,,467.0,10015,2615,8300,0,0,0.0,423321,3.829827915869981,"[54.96775, 35.858186]",0.9014399165046573,38.4268393456029,86.8932349537342,6749.583554557347
372,"п.Каменецкий, Клубная ул, стр.5",каменецкий,Тульская область,,,,,,1104.0,9939,2612,2506,0,0,0.0,387679,3.8051301684532923,"[54.012988, 38.220593]",2.695025548658567,2.9305719173323124,0.47641031228586084,6791.453536376539
373,"рп.Чернь, Ленина ул, 21",чернь,Тульская область,,,,,,1810.0,9927,2604,6405,0,0,0.0,387679,3.8122119815668203,"[53.450787, 36.910329]",0.37652843180398193,73.5160906515285,0.44290058548390204,6674.407940685403
374,"г.Ясногорск, Зои Космодемьянской ул, 1",ясногорск,Тульская область,,,,,,1870.0,9955,2601,16795,0,0,0.0,387679,3.827374086889658,"[54.479816, 37.699283]",0.2251191598978894,30.357719674682187,0.11726208568238702,6802.7446589993715
375,"п.Думиничи, Большая Пролетарская ул., 87",думиничи,Калужская область,,,,,,714.0,9973,2600,6326,0,0,0.0,423321,3.835769230769231,"[53.931615, 35.103664]",0.9396261483961788,95.52999186811452,60.858103035439875,6621.795534493554
376,"г.Таруса, Шмидта ул., 30",таруса,Калужская область,,,,,,384.0,10017,2593,9660,0,0,0.0,423321,3.8630929425376013,"[54.721026, 37.177272]",0.7065140890307283,23.5660665814488,5.833592723486601,6795.822698967376
377,"п.Мятлево, Кирова ул, 1А",мятлево,Калужская область,,,,,,0.0,10012,2584,1627,0,0,0.0,423321,3.874613003095975,"[54.902382, 35.678819]",12.66798185294023,51.056086177035056,85.39807343233323,6734.919181133017
378,"п.Майский, Шахтеров ул., 4 А",майский,Тульская область,,,,,,1164.0,9929,2575,2289,0,0,0.0,387679,3.8559223300970875,"[53.963066, 38.216722]",2.7349813035374955,3.60777302454949,0.24754151268795396,6787.095709988513
379,"г.Суворов, Гагарина ул, 5",суворов,Тульская область,,,,,,1830.0,9927,2565,18973,0,0,0.0,387679,3.8701754385964913,"[54.126172, 36.501973]",0.45823968278487204,41.19033804089895,0.5643547861632241,6710.213652022533
380,"г.Людиново, Кропоткина ул, в р-не 48",людиново,Калужская область,,1.2,,7.0,1.0,2485.0,9922,2541,40530,0,0,0.0,423321,3.9047619047619047,"[53.871621, 34.442037]",0.7337210200767939,135.16209763522508,70.78520295616985,6583.268036245818
381,"п.Думиничи, Ленина ул., 44",думиничи,Калужская область,,,,,,1240.0,9933,2513,6326,0,0,0.0,423321,3.9526462395543174,"[53.924786, 35.112117]",0.9396261483961788,95.58226485919157,60.1010193534344,6621.63185769641
382,"г.Белоусово, Московская ул, 111",белоусово,Калужская область,,0.7,,3.0,,2405.0,9925,2456,8412,0,0,0.0,423321,4.041123778501628,"[55.088743, 36.657139]",0.3487492569814632,2.5605699090484793,48.487478980004646,6800.427115776934
383,"г.Узловая, Тульская ул., 13 А",узловая,Тульская область,,,,,,871.0,9943,2545,55282,0,0,0.0,387679,3.906876227897839,"[53.997541, 38.128067]",2.097593950472916,2.8741145561327297,0.32729126244555634,6785.200122647996
384,"г.Ефремов, Свердлова ул",ефремов,Тульская область,,0.3,,4.0,,2054.0,9915,2472,42350,0,0,0.0,387679,4.010922330097087,"[53.146553, 38.114206]",0.2288376484703046,0.4079257346410499,0.17085699218834477,6713.862083069163
385,"с.Хвастовичи, Ленина ул., 3 А",хвастовичи,Калужская область,,,,,,192.0,9980,2663,4509,0,0,0.0,423321,3.7476530229064964,"[53.467327, 35.08753]",0.6516928013573153,134.753338573913,39.031683642286055,6580.791149174236
386,"с.Хвастовичи, Ленина ул, 38",хвастовичи,Калужская область,,,,,,320.0,9956,2659,4509,0,0,0.0,423321,3.7442647611884166,"[53.47035, 35.095965]",0.6516928013573153,134.16281103985997,39.465279266700634,6581.483995160866
387,"г.Богородицк, мкр.Жданковский, Клубная ул., 4",жданковский,Тульская область,,,,,,936.0,9945,2655,500,0,0,0.0,387679,3.7457627118644066,"[53.754364, 38.177349]",2.5306166703780644,3.5986706324386666,3.0911004305134986,6767.639180945774
389,"г.Узловая, Центральная ул., 7",5-я пятилетка,Тульская область,,,,,,690.0,9945,2643,500,0,0,0.0,387679,3.7627695800227015,"[54.020569, 38.052941]",3.5029177355718324,8.33370901600445,0.5660873096305908,6783.090525230329
391,"г.Донской, Комсомольский мкр, Трудовая ул, 3",комсомольский,Тульская область,,,,,,609.0,9940,2641,500,0,0,0.0,387679,3.7637258614161304,"[53.905997, 38.263524]",6.718327209147573,7.840426658821034,0.02115795822224499,6784.87549294947
393,"п.Мордвес, Почтовая ул, 9А",мордвес,Тульская область,,,,,,211.0,10058,2633,1276,0,0,0.0,387679,3.8199772123053553,"[54.576433, 38.216856]",25.25772259659258,53.482510316163136,0.08070469197652722,6838.208733236714
394,"рп.Епифань, Колхозная ул, 1А",епифань,Тульская область,,,,,,306.0,9987,2613,2237,0,0,0.0,387679,3.8220436280137773,"[53.822198, 38.557534]",16.549660735387178,22.470405471647567,0.5433286775950062,6793.83994509848
395,"с.Износки, Ленина ул., 6А",износки,Калужская область,,,,,,119.0,9962,2602,1877,0,0,0.0,423321,3.8285933897002304,"[54.989135, 35.31245]",25.308662516137254,72.9621822562162,103.91571055834584,6724.169193893667
396,"с.Дворцы, Федорова ул, 12",дворцы,Калужская область,,,,,,436.0,9956,2586,1492,0,0,0.0,423321,3.8499613302397524,"[54.610757, 36.0184]",1.4676452023283684,15.20844349745271,48.74705994893293,6726.880214575774
397,"с.Архангельское, Комсомольская ул., 16Б",архангельское,Тульская область,,,,,,865.0,9959,2580,2391,0,0,0.0,387679,3.860077519379845,"[53.260021, 37.695555]",28.79175912347503,30.89176896014811,0.7122089534859115,6700.510631457327
398,"г.Суворов, Грибоедова ул, 30",суворов,Тульская область,,,,,,1016.0,9927,2527,18973,0,0,0.0,387679,3.928373565492679,"[54.12402, 36.488974]",0.7369510979706566,41.0882576287774,0.031124149142369602,6709.355908319091
399,"г.Богородицк, Восточный мкр, 2",богородицк,Тульская область,,,,,,1369.0,9923,2527,31897,0,0,0.0,387679,3.926790660862683,"[53.766809, 38.145117]",1.0174603676805192,1.0681224762395516,0.5955569612097115,6766.932945260685
400,"рп.Чернь, Революционная ул., 3",чернь,Тульская область,,,,,,1721.0,9940,2523,6405,0,0,0.0,387679,3.939754260800634,"[53.454101, 36.911497]",0.37652843180398193,73.1635449693003,0.2345699445327189,6674.749252072199
401,"п.Ферзиково, Пионерская ул, 4",ферзиково посёлок,Калужская область,,,,,,734.0,9921,2488,4600,0,0,0.0,423321,3.987540192926045,"[54.519547, 36.764784]",0.4870995823367417,21.1438764798841,12.92457716789858,6757.33522374715
402,"г.Малоярославец, Чистовича ул, 24 п.1",малоярославец,Калужская область,,,,,,1180.0,9919,2327,30392,0,0,0.0,423321,4.262569832402234,"[55.002754, 36.429119]",0.2278997019571579,1.929347145322842,56.928520761822064,6781.452629907165
403,"п.Бегичевский, Первомайская ул, 10А",бегичевский,Тульская область,,,,,,949.0,9921,2522,2278,0,0,0.0,387679,3.9337827121332274,"[53.793401, 38.258556]",6.878860765293324,8.688685962217255,0.3591573841559313,6775.264369891359
404,"г.Липки, Лермонтова ул., 8",липки,Тульская область,,,,,,30.0,9956,2686,8719,0,0,0.0,387679,3.7066269545793,"[53.949752, 37.711123]",0.7133218254997552,14.498665803300316,1.1334933890558345,6758.911975740116
405,"г.Спас-Деменск, Заводской пер, 4",спас-деменск,Калужская область,,0.2,,3.0,1.0,331.0,9979,2556,4896,0,0,0.0,423321,3.9041471048513303,"[54.409587, 34.03201]",29.003300255250185,143.5910091640174,131.97096073370545,6610.2077968819285
406,"п.Бетлица, Кирова ул, 25",бетлица,Калужская область,,,,,,280.0,9947,2549,3589,0,0,0.0,423321,3.9023146331894862,"[54.012417, 33.951242]",23.25229458801665,157.84782638351362,90.05250932801813,6571.238654078986
408,"г.Кондрово, Коммуны ул, 4",кондрово,Калужская область,,,,,,168.0,9934,2472,16672,0,0,0.0,423321,4.018608414239482,"[54.781119, 35.928614]",1.388660707280756,30.337434492809372,68.3241592953256,6737.0111378408055
409,"с.Ульяново, Большая Советская ул, 69",ульяново,Калужская область,,,,,,266.0,9930,2455,3022,0,0,0.0,423321,4.044806517311609,"[53.724316, 35.526627]",35.1718792696319,95.16838076320515,30.407277000948156,6625.459109585879
410,"г.Медынь, Варшавское ш, 15А",медынь,Калужская область,,,,,,65.0,9929,2451,8300,0,0,0.0,423321,4.050999592003264,"[54.9633, 35.846382]",0.9014399165046573,39.23994881178049,87.27390798932859,6748.6054006991035
411,"г.Ефремов, Горького ул, 17",ефремов,Тульская область,,,,,,,9917,2419,42350,0,0,0.0,387679,4.099627945431997,"[53.140498, 38.11293]",0.5136026167429016,0.36578107507249125,0.45199462369732746,6713.291875448795
413,"п.Дубовка, квартал 5/15, Центральный перс.6",дубовка посёлок,Тульская область,,,,,,355.0,9930,2550,8942,0,0,0.0,387679,3.8941176470588235,"[53.93382, 38.123557]",1.7670097505226463,5.2820441129344164,1.6550505519229834,6779.655287629787
414,"г.Донской, мкр.Северо-Задонск, Мичурина ул, 76 п.1",северо-задонск,Тульская область,,,,,,283.0,9930,2533,500,0,0,0.0,387679,3.9202526648243188,"[54.023082, 38.376532]",3.901270583902703,4.970835437906836,0.09144352565926321,6800.682056258553
415,"с.Гремячее, Новики ул., 12",гремячее,Тульская область,,,,,,139.0,9944,2421,1337,0,0,0.0,387679,4.107393638992152,"[54.1427, 38.665897]",15.264193683794941,27.81046419677313,0.10314810392810494,6826.200856975009
416,"с.Коллонтай, Московская ул, 23",коллонтай,Калужская область,,,,,,85.0,9911,2231,555,0,0,0.0,423321,4.442402510085164,"[55.031845, 36.52594]",2.882191039487468,4.330007368717736,52.446123598875175,6788.8714020683265
